"geno","bd","h3_h1","i_dry","r_dry","treatment","pop","A4","B4","A5","B5","A42","B42","A52","B52","AA","AB","BA","BB"
"20RV_20RV002",0.158404020219638,-0.109162078584881,-0.0773667326827485,0.0564453207459204,"Sun","bur_col",0.9999999929999,7.0000997220987e-09,0.999999999999996,3.5527136788005e-15,1,1.11022302462516e-15,0.999999999999995,4.77395900588817e-15,0.999999992999897,3.55271365393115e-15,7.00009972209867e-09,2.48693500356676e-23
"20RV_20RV002",0.138591908311578,-0.0393862385480295,-0.0378299982934666,0.00906097664027643,"Shade","bur_col",0.9999999929999,7.0000997220987e-09,0.999999999999996,3.5527136788005e-15,1,1.11022302462516e-15,0.999999999999995,4.77395900588817e-15,0.999999992999897,3.55271365393115e-15,7.00009972209867e-09,2.48693500356676e-23
"20RV_20RV007",0.240373201038456,0.138737012361815,0.108634158181209,0.041002215988543,"Sun","bur_col",7.00009827880876e-09,0.999999992999902,-8.88178419700125e-16,1,1,1.11022302462516e-15,6.21724893790088e-15,0.999999999999994,-6.21733622701794e-24,7.00009827880877e-09,-8.88178413482789e-16,0.999999992999903
"20RV_20RV007",0.047518247407971,0.0188362521960589,-0.0100214339190813,-0.0200847845394846,"Shade","bur_col",7.00009827880876e-09,0.999999992999902,-8.88178419700125e-16,1,1,1.11022302462516e-15,6.21724893790088e-15,0.999999999999994,-6.21733622701794e-24,7.00009827880877e-09,-8.88178413482789e-16,0.999999992999903
"20RV_20RV012",0.72696691082566,0.0156156309386081,-0.0345889034094087,-0.0922112024531361,"Sun","bur_col",0.9999999929999,7.0000997220987e-09,0,1,2.66453525910038e-15,0.999999999999997,0.999999999999995,4.77395900588817e-15,0,0.9999999929999,0,7.0000997220987e-09
"20RV_20RV012",0.160876693113343,0.139232347602344,-0.00620815918606838,-0.049352391181563,"Shade","bur_col",0.9999999929999,7.0000997220987e-09,0,1,2.66453525910038e-15,0.999999999999997,0.999999999999995,4.77395900588817e-15,0,0.9999999929999,0,7.0000997220987e-09
"20RV_20RV013",-0.298767288546092,NA,-0.0599013107042645,-0.0295998459813558,"Sun","bur_col",0.9999999929999,7.0000997220987e-09,0.999999999999996,3.5527136788005e-15,0.00690302851045721,0.993096971489543,0.999999999999995,4.77395900588817e-15,0.999999992999897,3.55271365393115e-15,7.00009972209867e-09,2.48693500356676e-23
"20RV_20RV013",0.222039533060992,-0.161363926406425,-0.0139075176456035,-0.0306136459125438,"Shade","bur_col",0.9999999929999,7.0000997220987e-09,0.999999999999996,3.5527136788005e-15,0.00690302851045721,0.993096971489543,0.999999999999995,4.77395900588817e-15,0.999999992999897,3.55271365393115e-15,7.00009972209867e-09,2.48693500356676e-23
"20RV_20RV014",0.607809663663338,0.293405072583524,0.0207400577670047,-0.0837526062300498,"Sun","bur_col",0.9999999929999,7.0000997220987e-09,-8.88178419700125e-16,1,2.66453525910038e-15,0.999999999999997,6.21724893790088e-15,0.999999999999994,-8.88178413482788e-16,0.999999992999901,-6.21733750891691e-24,7.0000997220987e-09
"20RV_20RV014",-0.0419467826541855,0.200024078173903,-0.00686157292702233,0.0275816589653459,"Shade","bur_col",0.9999999929999,7.0000997220987e-09,-8.88178419700125e-16,1,2.66453525910038e-15,0.999999999999997,6.21724893790088e-15,0.999999999999994,-8.88178413482788e-16,0.999999992999901,-6.21733750891691e-24,7.0000997220987e-09
"20RV_20RV015",-0.0293168389394581,0.0346782633679077,0.0516637712768283,0.0651924798830066,"Sun","bur_col",5.0001016660417e-09,0.999999994999898,-8.88178419700125e-16,1,1,1.11022302462516e-15,6.21724893790088e-15,0.999999999999994,-4.44098239608488e-24,5.00010166604171e-09,-8.88178415259143e-16,0.999999994999899
"20RV_20RV015",-0.158291144253335,0.0957920702172736,0.0462719548903166,0.00638328361898293,"Shade","bur_col",5.0001016660417e-09,0.999999994999898,-8.88178419700125e-16,1,1,1.11022302462516e-15,6.21724893790088e-15,0.999999999999994,-4.44098239608488e-24,5.00010166604171e-09,-8.88178415259143e-16,0.999999994999899
"20RV_20RV017",0.318223772789942,-0.119439986246728,NA,NA,"Sun","bur_col",7.0001000551656e-09,0.9999999929999,0.999999999999996,3.5527136788005e-15,1,1.11022302462516e-15,7.105427357601e-15,0.999999999999993,7.00010005516558e-09,2.4869351218959e-23,0.999999992999896,3.55271365393115e-15
"20RV_20RV017",-0.118536286288396,-0.110581500092385,-0.199565322839643,-0.0845006315427674,"Shade","bur_col",7.0001000551656e-09,0.9999999929999,0.999999999999996,3.5527136788005e-15,1,1.11022302462516e-15,7.105427357601e-15,0.999999999999993,7.00010005516558e-09,2.4869351218959e-23,0.999999992999896,3.55271365393115e-15
"20RV_20RV019",0.430681764536675,-0.151049187018002,0.00342933524948104,0.0258020770188313,"Sun","bur_col",3.00010150056096e-09,0.999999996999898,0,1,2.66453525910038e-15,0.999999999999997,7.105427357601e-15,0.999999999999993,0,3.00010150056096e-09,0,0.999999996999898
"20RV_20RV019",-0.015929683015753,0.0793766512299759,0.00308430883047395,0.0301900315698347,"Shade","bur_col",3.00010150056096e-09,0.999999996999898,0,1,2.66453525910038e-15,0.999999999999997,7.105427357601e-15,0.999999999999993,0,3.00010150056096e-09,0,0.999999996999898
"20RV_20RV021",-0.259435563400257,NA,0.0776979248197632,0.00683691074479374,"Sun","bur_col",7.00009827880876e-09,0.999999992999902,-8.88178419700125e-16,1,2.66453525910038e-15,0.999999999999997,6.21724893790088e-15,0.999999999999994,-6.21733622701794e-24,7.00009827880877e-09,-8.88178413482789e-16,0.999999992999903
"20RV_20RV021",-0.0554762848029517,-0.123834468732977,-0.134656343264017,0.0256734694447418,"Shade","bur_col",7.00009827880876e-09,0.999999992999902,-8.88178419700125e-16,1,2.66453525910038e-15,0.999999999999997,6.21724893790088e-15,0.999999999999994,-6.21733622701794e-24,7.00009827880877e-09,-8.88178413482789e-16,0.999999992999903
"20RV_20RV024",0.137712801463528,0.0765563893786712,-0.081952575235883,-0.0556221918179694,"Sun","bur_col",0.9999999929999,7.0000997220987e-09,0,1,2.66453525910038e-15,0.999999999999997,7.105427357601e-15,0.999999999999993,0,0.9999999929999,0,7.0000997220987e-09
"20RV_20RV024",-0.173501153551764,0.0819016207604557,-0.0549384701334235,-0.103876138017947,"Shade","bur_col",0.9999999929999,7.0000997220987e-09,0,1,2.66453525910038e-15,0.999999999999997,7.105427357601e-15,0.999999999999993,0,0.9999999929999,0,7.0000997220987e-09
"20RV_20RV026",0.0782003929777967,0.0791462389824805,-0.0371805850481108,0.0912330424963773,"Sun","bur_col",5.0001016660417e-09,0.999999994999898,0,1,2.66453525910038e-15,0.999999999999997,7.105427357601e-15,0.999999999999993,0,5.0001016660417e-09,0,0.999999994999898
"20RV_20RV026",-0.0262083169969539,0.120616574017169,0.0816521341733253,0.0270951392508314,"Shade","bur_col",5.0001016660417e-09,0.999999994999898,0,1,2.66453525910038e-15,0.999999999999997,7.105427357601e-15,0.999999999999993,0,5.0001016660417e-09,0,0.999999994999898
"20RV_20RV043",0.35558765624584,0.199711905401868,0.0154012207301975,0.00391503697350788,"Sun","bur_col",5.00009811332802e-09,0.999999994999902,-8.88178419700125e-16,1,-3.5527136788005e-15,1,0.999999999999995,4.77395900588817e-15,-4.44097924064126e-24,5.00009811332803e-09,-8.88178415259146e-16,0.999999994999903
"20RV_20RV043",0.316518851713345,0.0380924016358894,0.0970904751874772,0.134959256570323,"Shade","bur_col",5.00009811332802e-09,0.999999994999902,-8.88178419700125e-16,1,-3.5527136788005e-15,1,0.999999999999995,4.77395900588817e-15,-4.44097924064126e-24,5.00009811332803e-09,-8.88178415259146e-16,0.999999994999903
"20RV_20RV045",-0.0433095677705355,0.178344760749358,0.0539465166310079,0.00449281406148287,"Sun","bur_col",0.9999999939999,6.00009986140293e-09,0,1,2.66453525910038e-15,0.999999999999997,0.999999999999995,4.77395900588817e-15,0,0.9999999939999,0,6.00009986140293e-09
"20RV_20RV045",-0.0643475120407955,0.0920770306679894,-0.0115328027878839,-0.0532591522774451,"Shade","bur_col",0.9999999939999,6.00009986140293e-09,0,1,2.66453525910038e-15,0.999999999999997,0.999999999999995,4.77395900588817e-15,0,0.9999999939999,0,6.00009986140293e-09
"20RV_20RV056",-0.00468172180282523,0.216058110227938,0.0205042241787765,-0.0701591571664746,"Sun","bur_col",0.9999999929999,7.0000997220987e-09,0,1,1,1.11022302462516e-15,7.105427357601e-15,0.999999999999993,0,0.9999999929999,0,7.0000997220987e-09
"20RV_20RV056",-0.173728175273442,0.135520932142249,0.0680303016138366,-0.0710865579819868,"Shade","bur_col",0.9999999929999,7.0000997220987e-09,0,1,1,1.11022302462516e-15,7.105427357601e-15,0.999999999999993,0,0.9999999929999,0,7.0000997220987e-09
"20RV_20RV057",0.101566892618468,-0.142104651253867,-0.0317113815770352,0.0658692514404627,"Sun","bur_col",0.9999999929999,7.0000997220987e-09,0,1,1,1.11022302462516e-15,7.105427357601e-15,0.999999999999993,0,0.9999999929999,0,7.0000997220987e-09
"20RV_20RV057",0.15577505481115,0.0103064320523967,-0.0591688082977932,0.0531736389907804,"Shade","bur_col",0.9999999929999,7.0000997220987e-09,0,1,1,1.11022302462516e-15,7.105427357601e-15,0.999999999999993,0,0.9999999929999,0,7.0000997220987e-09
"20RV_20RV063",0.0660478501665826,0.105943034797424,0.0218902888947161,0.00742913610543241,"Sun","bur_col",0.9999999929999,7.0000997220987e-09,0,1,2.66453525910038e-15,0.999999999999997,0.999999999999995,4.77395900588817e-15,0,0.9999999929999,0,7.0000997220987e-09
"20RV_20RV063",0.0185879060730472,-0.0735201132853304,-0.0465455606358035,0.0531244925773876,"Shade","bur_col",0.9999999929999,7.0000997220987e-09,0,1,2.66453525910038e-15,0.999999999999997,0.999999999999995,4.77395900588817e-15,0,0.9999999929999,0,7.0000997220987e-09
"20RV_20RV064",0.038513044203157,-0.105164011724657,-3.36541149644419e-05,0.0835573321765711,"Sun","bur_col",5.0001016660417e-09,0.999999994999898,0,1,1,1.11022302462516e-15,7.105427357601e-15,0.999999999999993,0,5.0001016660417e-09,0,0.999999994999898
"20RV_20RV064",-0.0746742735997545,0.114820574605536,0.0105610348314944,0.046496629465107,"Shade","bur_col",5.0001016660417e-09,0.999999994999898,0,1,1,1.11022302462516e-15,7.105427357601e-15,0.999999999999993,0,5.0001016660417e-09,0,0.999999994999898
"20RV_20RV067",0.35499416678759,-0.132520166516524,-0.0487112452626311,0.0999721779818671,"Shade","bur_col",7.00009827880876e-09,0.999999992999902,0.999999999999996,3.5527136788005e-15,-3.5527136788005e-15,1,0.999999999999995,4.77395900588817e-15,7.00009827880874e-09,2.48693449080717e-23,0.999999992999898,3.55271365393116e-15
"20RV_20RV080",-0.535353350703604,0.0685572237324349,0.0254829537166534,-0.0606246166696185,"Sun","bur_col",0.9999999929999,7.0000997220987e-09,0,1,1,1.11022302462516e-15,0.999999999999995,4.77395900588817e-15,0,0.9999999929999,0,7.0000997220987e-09
"20RV_20RV080",-0.0353380332562726,0.0359103051168501,0.0162525232551894,-0.0643538521399229,"Shade","bur_col",0.9999999929999,7.0000997220987e-09,0,1,1,1.11022302462516e-15,0.999999999999995,4.77395900588817e-15,0,0.9999999929999,0,7.0000997220987e-09
"20RV_20RV081",0.528483735935671,-0.107574340674153,0.057663011893489,0.0974554929755158,"Sun","bur_col",0.9999999929999,7.0000997220987e-09,-8.88178419700125e-16,1,1,1.11022302462516e-15,0.999999999999995,4.77395900588817e-15,-8.88178413482788e-16,0.999999992999901,-6.21733750891691e-24,7.0000997220987e-09
"20RV_20RV081",0.274720556756667,-0.171134461857841,0.108326060677033,0.225301229683256,"Shade","bur_col",0.9999999929999,7.0000997220987e-09,-8.88178419700125e-16,1,1,1.11022302462516e-15,0.999999999999995,4.77395900588817e-15,-8.88178413482788e-16,0.999999992999901,-6.21733750891691e-24,7.0000997220987e-09
"20RV_20RV084",0.0296795417264413,-0.100620678153802,-0.0272807057905067,0.00167625162489238,"Sun","bur_col",7.00010183152244e-09,0.999999992999898,0.999999999999996,3.5527136788005e-15,0,1,0.999999999999995,4.77395900588817e-15,7.00010183152242e-09,2.48693575298462e-23,0.999999992999895,3.55271365393114e-15
"20RV_20RV084",0.203229117431724,-0.0798851038327352,-0.1003340221741,-0.0718366513603312,"Shade","bur_col",7.00010183152244e-09,0.999999992999898,0.999999999999996,3.5527136788005e-15,0,1,0.999999999999995,4.77395900588817e-15,7.00010183152242e-09,2.48693575298462e-23,0.999999992999895,3.55271365393114e-15
"20RV_20RV085",0.100456307022211,-0.0109495084726434,-0.0208361915652548,-0.186230754460575,"Sun","bur_col",0.9999999929999,7.0000997220987e-09,0.999999999999996,3.5527136788005e-15,0.165764447575245,0.834235552424755,6.21724893790088e-15,0.999999999999994,0.999999992999897,3.55271365393115e-15,7.00009972209867e-09,2.48693500356676e-23
"20RV_20RV085",-0.0292401266096463,-0.106440483658308,0.0216315085124647,0.045515946478435,"Shade","bur_col",0.9999999929999,7.0000997220987e-09,0.999999999999996,3.5527136788005e-15,0.165764447575245,0.834235552424755,6.21724893790088e-15,0.999999999999994,0.999999992999897,3.55271365393115e-15,7.00009972209867e-09,2.48693500356676e-23
"20RV_20RV091",0.0926738900590227,0.193517432890544,0.129221751501267,0.0941339907783069,"Sun","bur_col",7.00009827880876e-09,0.999999992999902,0,1,1,1.11022302462516e-15,0.999999999999995,4.77395900588817e-15,0,7.00009827880876e-09,0,0.999999992999902
"20RV_20RV091",0.219120995491819,0.131898572218368,0.0838813886347143,0.173985954552359,"Shade","bur_col",7.00009827880876e-09,0.999999992999902,0,1,1,1.11022302462516e-15,0.999999999999995,4.77395900588817e-15,0,7.00009827880876e-09,0,0.999999992999902
"20RV_20RV095",-0.397997125425328,NA,0.0247984173669958,-0.0593640249126753,"Sun","bur_col",7.00010183152244e-09,0.999999992999898,0,1,0,1,7.105427357601e-15,0.999999999999993,0,7.00010183152244e-09,0,0.999999992999898
"20RV_20RV095",0.165114935118772,-0.187096905808432,-0.0078346231193622,-0.0542887148833269,"Shade","bur_col",7.00010183152244e-09,0.999999992999898,0,1,0,1,7.105427357601e-15,0.999999999999993,0,7.00010183152244e-09,0,0.999999992999898
"20RV_20RV099",0.130348976793917,0.12941552383842,0.0904858069826223,0.115836395874363,"Sun","bur_col",0.9999999949999,5.00009988968486e-09,0,1,4.99890356886468e-08,0.999999950010964,7.105427357601e-15,0.999999999999993,0,0.9999999949999,0,5.00009988968486e-09
"20RV_20RV099",0.028729757785103,0.172441203729937,0.174485667095179,0.0824771854475492,"Shade","bur_col",0.9999999949999,5.00009988968486e-09,0,1,4.99890356886468e-08,0.999999950010964,7.105427357601e-15,0.999999999999993,0,0.9999999949999,0,5.00009988968486e-09
"20RV_20RV103",0.770242440390384,NA,NA,NA,"Sun","bur_col",3.00010150056096e-09,0.999999996999898,0.999999999999996,3.5527136788005e-15,1,1.11022302462516e-15,6.21724893790088e-15,0.999999999999994,3.00010150056095e-09,1.06585016388328e-23,0.999999996999895,3.552713668142e-15
"20RV_20RV103",-0.0498378888683167,-0.104627429858482,-0.0052873243792592,-0.0158459194921171,"Shade","bur_col",3.00010150056096e-09,0.999999996999898,0.999999999999996,3.5527136788005e-15,1,1.11022302462516e-15,6.21724893790088e-15,0.999999999999994,3.00010150056095e-09,1.06585016388328e-23,0.999999996999895,3.552713668142e-15
"20RV_20RV109",-0.416510280969648,0.120478917976884,0.0331933581685079,-0.0462032145974046,"Sun","bur_col",0.9999999969999,3.00009994624872e-09,0,1,1,1.11022302462516e-15,7.105427357601e-15,0.999999999999993,0,0.9999999969999,0,3.00009994624872e-09
"20RV_20RV109",-0.187701680723363,-0.0475495662918471,-0.092571546764236,-0.0460369456177386,"Shade","bur_col",0.9999999969999,3.00009994624872e-09,0,1,1,1.11022302462516e-15,7.105427357601e-15,0.999999999999993,0,0.9999999969999,0,3.00009994624872e-09
"20RV_20RV111",-0.248028526051255,0.125996920054961,-0.0717456253255636,-0.0674553564553343,"Sun","bur_col",5.0001016660417e-09,0.999999994999898,0,1,2.66453525910038e-15,0.999999999999997,7.105427357601e-15,0.999999999999993,0,5.0001016660417e-09,0,0.999999994999898
"20RV_20RV111",-0.215173171132584,0.0722747160842889,-0.012793290665631,-0.0562596733516635,"Shade","bur_col",5.0001016660417e-09,0.999999994999898,0,1,2.66453525910038e-15,0.999999999999997,7.105427357601e-15,0.999999999999993,0,5.0001016660417e-09,0,0.999999994999898
"20RV_20RV117",0.324249154530121,0.130556627471159,0.0347474949784938,0.158053476235931,"Sun","bur_col",0.9999999929999,7.0000997220987e-09,0,1,1,1.11022302462516e-15,0.999999999999995,4.77395900588817e-15,0,0.9999999929999,0,7.0000997220987e-09
"20RV_20RV117",0.0725053064881951,-0.008313973524938,0.0685888178072086,0.0569818564945341,"Shade","bur_col",0.9999999929999,7.0000997220987e-09,0,1,1,1.11022302462516e-15,0.999999999999995,4.77395900588817e-15,0,0.9999999929999,0,7.0000997220987e-09
"20RV_20RV123",0.200722017225965,0.222519265263837,-0.0683237841652165,0.0794660495954349,"Sun","bur_col",3.00010150056096e-09,0.999999996999898,-8.88178419700125e-16,1,1,1.11022302462516e-15,0.999999999999995,4.77395900588817e-15,-2.66462540970821e-24,3.00010150056096e-09,-8.881784170355e-16,0.999999996999899
"20RV_20RV123",-0.0818605534032099,0.0163633061987176,0.0204076237405582,0.0326880177090649,"Shade","bur_col",3.00010150056096e-09,0.999999996999898,-8.88178419700125e-16,1,1,1.11022302462516e-15,0.999999999999995,4.77395900588817e-15,-2.66462540970821e-24,3.00010150056096e-09,-8.881784170355e-16,0.999999996999899
"20RV_20RV133",-0.598239462940408,0.0321718376803613,-0.243375485056616,-0.168444251174263,"Sun","bur_col",0.9999999969999,3.00009994624872e-09,0,1,-3.5527136788005e-15,1,0.999999999999995,4.77395900588817e-15,0,0.9999999969999,0,3.00009994624872e-09
"20RV_20RV133",-0.0611737418538034,0.0018969323237149,-0.101363094514538,-0.0595822352629039,"Shade","bur_col",0.9999999969999,3.00009994624872e-09,0,1,-3.5527136788005e-15,1,0.999999999999995,4.77395900588817e-15,0,0.9999999969999,0,3.00009994624872e-09
"20RV_20RV135",0.404814764533711,-0.382654402580329,-0.0631770823049438,-0.0146323834998275,"Sun","bur_col",0.9999999929999,7.0000997220987e-09,0.999999999999996,3.5527136788005e-15,1,1.11022302462516e-15,0.999999999999995,4.77395900588817e-15,0.999999992999897,3.55271365393115e-15,7.00009972209867e-09,2.48693500356676e-23
"20RV_20RV135",0.299438109519209,-0.321841977885212,-0.0727421075350596,-0.115913138913921,"Shade","bur_col",0.9999999929999,7.0000997220987e-09,0.999999999999996,3.5527136788005e-15,1,1.11022302462516e-15,0.999999999999995,4.77395900588817e-15,0.999999992999897,3.55271365393115e-15,7.00009972209867e-09,2.48693500356676e-23
"20RV_20RV137",-0.0887624893674947,-0.0658684628222423,0.0420885801835115,0.109934072620778,"Sun","bur_col",3.00010150056096e-09,0.999999996999898,-8.88178419700125e-16,1,2.66453525910038e-15,0.999999999999997,0.999999999999995,4.77395900588817e-15,-2.66462540970821e-24,3.00010150056096e-09,-8.881784170355e-16,0.999999996999899
"20RV_20RV137",0.121094741965235,0.146563439374897,0.0862822697814541,0.0223072550884503,"Shade","bur_col",3.00010150056096e-09,0.999999996999898,-8.88178419700125e-16,1,2.66453525910038e-15,0.999999999999997,0.999999999999995,4.77395900588817e-15,-2.66462540970821e-24,3.00010150056096e-09,-8.881784170355e-16,0.999999996999899
"20RV_20RV141",0.0290471130523513,-0.429964601980154,-0.160757729647408,-0.039504082326657,"Sun","bur_col",0.9999999969999,3.00009994624872e-09,0.999999999999996,3.5527136788005e-15,2.66453525910038e-15,0.999999999999997,0.999999999999995,4.77395900588817e-15,0.999999996999897,3.552713668142e-15,3.00009994624871e-09,1.06584961168065e-23
"20RV_20RV141",0.153221909290331,-0.0485822207808296,-0.0165764142052056,-0.0440360233686655,"Shade","bur_col",0.9999999969999,3.00009994624872e-09,0.999999999999996,3.5527136788005e-15,2.66453525910038e-15,0.999999999999997,0.999999999999995,4.77395900588817e-15,0.999999996999897,3.552713668142e-15,3.00009994624871e-09,1.06584961168065e-23
"20RV_20RV143",0.56634580773878,NA,NA,NA,"Sun","bur_col",0.9999999949999,5.00009988968486e-09,0.999999999999996,3.5527136788005e-15,-3.5527136788005e-15,1,7.105427357601e-15,0.999999999999993,0.999999994999897,3.55271366103658e-15,5.00009988968484e-09,1.77639232734523e-23
"20RV_20RV143",-0.0591432806931891,-0.0899700724160375,-0.118616964610233,-0.132739772685272,"Shade","bur_col",0.9999999949999,5.00009988968486e-09,0.999999999999996,3.5527136788005e-15,-3.5527136788005e-15,1,7.105427357601e-15,0.999999999999993,0.999999994999897,3.55271366103658e-15,5.00009988968484e-09,1.77639232734523e-23
"20RV_20RV146",0.0497674049101679,0.0516131150931792,0.00732593694298773,0.0161275454805301,"Sun","bur_col",0.9999999939999,6.00009986140293e-09,-8.88178419700125e-16,1,3.5527136788005e-15,0.999999999999996,0.999999999999995,4.77395900588817e-15,-8.88178414370966e-16,0.999999993999901,-5.3291592129438e-24,6.00009986140294e-09
"20RV_20RV146",0.172801687339031,0.0397643966611645,0.0300685703378514,0.0695121239977709,"Shade","bur_col",0.9999999939999,6.00009986140293e-09,-8.88178419700125e-16,1,3.5527136788005e-15,0.999999999999996,0.999999999999995,4.77395900588817e-15,-8.88178414370966e-16,0.999999993999901,-5.3291592129438e-24,6.00009986140294e-09
"20RV_20RV147",0.504408098014076,-0.0121426243441239,0.00682030801851191,0.0492257058711833,"Sun","bur_col",5.00009811332802e-09,0.999999994999902,0,1,2.66453525910038e-15,0.999999999999997,7.105427357601e-15,0.999999999999993,0,5.00009811332802e-09,0,0.999999994999902
"20RV_20RV147",0.134352231188954,0.103229889878644,0.181607492171854,0.197729859646017,"Shade","bur_col",5.00009811332802e-09,0.999999994999902,0,1,2.66453525910038e-15,0.999999999999997,7.105427357601e-15,0.999999999999993,0,5.00009811332802e-09,0,0.999999994999902
"20RV_20RV151",0.191874704850701,0.0314805118531528,0.119205181828608,-0.0551395608604823,"Sun","bur_col",3.00010150056096e-09,0.999999996999898,-8.88178419700125e-16,1,0.784016592350736,0.215983407649264,6.21724893790088e-15,0.999999999999994,-2.66462540970821e-24,3.00010150056096e-09,-8.881784170355e-16,0.999999996999899
"20RV_20RV151",0.1055844099187,0.00530250383161199,0.123036705745745,0.118702241688572,"Shade","bur_col",3.00010150056096e-09,0.999999996999898,-8.88178419700125e-16,1,0.784016592350736,0.215983407649264,6.21724893790088e-15,0.999999999999994,-2.66462540970821e-24,3.00010150056096e-09,-8.881784170355e-16,0.999999996999899
"20RV_20RV153",0.288691538497629,0.00762087813004102,0.00711677196504425,0.0608219620593831,"Sun","bur_col",0.9999999929999,7.0000997220987e-09,0,1,-3.5527136788005e-15,1,7.105427357601e-15,0.999999999999993,0,0.9999999929999,0,7.0000997220987e-09
"20RV_20RV153",0.0539842361777601,0.144925628287406,0.0488809934269512,0.0818304045322725,"Shade","bur_col",0.9999999929999,7.0000997220987e-09,0,1,-3.5527136788005e-15,1,7.105427357601e-15,0.999999999999993,0,0.9999999929999,0,7.0000997220987e-09
"20RV_20RV156",-0.185709360116511,-0.0108546468450407,-0.00239790854343668,0.0844536182775147,"Sun","bur_col",0.9999999929999,7.0000997220987e-09,-8.88178419700125e-16,1,1,1.11022302462516e-15,0.999999999999995,4.77395900588817e-15,-8.88178413482788e-16,0.999999992999901,-6.21733750891691e-24,7.0000997220987e-09
"20RV_20RV156",-0.0355960135200791,-0.0473605103646902,0.0249790091339344,0.0145812339207004,"Shade","bur_col",0.9999999929999,7.0000997220987e-09,-8.88178419700125e-16,1,1,1.11022302462516e-15,0.999999999999995,4.77395900588817e-15,-8.88178413482788e-16,0.999999992999901,-6.21733750891691e-24,7.0000997220987e-09
"20RV_20RV161",0.0846450653883795,-0.0809947608290332,-0.054626408472231,0.0626435253465105,"Sun","bur_col",0.9999999949999,5.00009988968486e-09,-8.88178419700125e-16,1,-3.5527136788005e-15,1,0.999999999999995,4.77395900588817e-15,-8.88178415259145e-16,0.999999994999901,-4.44098081836307e-24,5.00009988968487e-09
"20RV_20RV161",-0.137198045459512,0.115355447240071,-0.0445277952233702,0.0094391550196287,"Shade","bur_col",0.9999999949999,5.00009988968486e-09,-8.88178419700125e-16,1,-3.5527136788005e-15,1,0.999999999999995,4.77395900588817e-15,-8.88178415259145e-16,0.999999994999901,-4.44098081836307e-24,5.00009988968487e-09
"20RV_20RV165",0.796772596077772,NA,NA,NA,"Sun","bur_col",7.00009827880876e-09,0.999999992999902,0.999999999999996,3.5527136788005e-15,2.66453525910038e-15,0.999999999999997,7.105427357601e-15,0.999999999999993,7.00009827880874e-09,2.48693449080717e-23,0.999999992999898,3.55271365393116e-15
"20RV_20RV165",0.193709517598327,-0.162921869589717,-0.079764381191821,0.0265764174196298,"Shade","bur_col",7.00009827880876e-09,0.999999992999902,0.999999999999996,3.5527136788005e-15,2.66453525910038e-15,0.999999999999997,7.105427357601e-15,0.999999999999993,7.00009827880874e-09,2.48693449080717e-23,0.999999992999898,3.55271365393116e-15
"20RV_20RV166",-0.281108125656691,NA,-0.000991447128977446,-0.000819563230797099,"Sun","bur_col",5.00009811332802e-09,0.999999994999902,0.999999999999996,3.5527136788005e-15,2.66453525910038e-15,0.999999999999997,0.999999999999995,4.77395900588817e-15,5.000098113328e-09,1.7763916962565e-23,0.999999994999898,3.55271366103658e-15
"20RV_20RV166",0.11484866419043,-0.0564504701876233,-0.0531274855612654,-0.0131309709560536,"Shade","bur_col",5.00009811332802e-09,0.999999994999902,0.999999999999996,3.5527136788005e-15,2.66453525910038e-15,0.999999999999997,0.999999999999995,4.77395900588817e-15,5.000098113328e-09,1.7763916962565e-23,0.999999994999898,3.55271366103658e-15
"20RV_20RV172",-0.2009034169725,-0.0871856809179858,-0.00705350096198238,-0.0483126974924701,"Sun","bur_col",7.00009827880876e-09,0.999999992999902,0.999999999999996,3.5527136788005e-15,2.66453525910038e-15,0.999999999999997,0.999999999999995,4.77395900588817e-15,7.00009827880874e-09,2.48693449080717e-23,0.999999992999898,3.55271365393116e-15
"20RV_20RV172",-0.11603929191656,0.111660005312642,-0.0115086800176676,-0.0341945594764043,"Shade","bur_col",7.00009827880876e-09,0.999999992999902,0.999999999999996,3.5527136788005e-15,2.66453525910038e-15,0.999999999999997,0.999999999999995,4.77395900588817e-15,7.00009827880874e-09,2.48693449080717e-23,0.999999992999898,3.55271365393116e-15
"20RV_20RV180",-0.0813841629404347,-0.0301066651339869,-0.0941977825180566,-0.151419610233131,"Sun","bur_col",0.9999999969999,3.00009994624872e-09,0.00800215274038707,0.991997847259613,1,1.11022302462516e-15,7.105427357601e-15,0.999999999999993,0.00800215271637981,0.99199784428352,2.40072580063093e-11,2.97609268824242e-09
"20RV_20RV180",-0.108001551471588,0.00975748285493095,-0.0261134213372142,-0.0480614127544511,"Shade","bur_col",0.9999999969999,3.00009994624872e-09,0.00800215274038707,0.991997847259613,1,1.11022302462516e-15,7.105427357601e-15,0.999999999999993,0.00800215271637981,0.99199784428352,2.40072580063093e-11,2.97609268824242e-09
"20RV_20RV182",0.291713216531358,0.108310132781549,0.0228674655368006,-0.110683487459387,"Sun","bur_col",3.00010150056096e-09,0.999999996999898,-8.88178419700125e-16,1,2.66453525910038e-15,0.999999999999997,0.999999999999995,4.77395900588817e-15,-2.66462540970821e-24,3.00010150056096e-09,-8.881784170355e-16,0.999999996999899
"20RV_20RV182",-0.0670053807192146,-0.0657128797144163,-0.0479652459625511,-0.0437093528844279,"Shade","bur_col",3.00010150056096e-09,0.999999996999898,-8.88178419700125e-16,1,2.66453525910038e-15,0.999999999999997,0.999999999999995,4.77395900588817e-15,-2.66462540970821e-24,3.00010150056096e-09,-8.881784170355e-16,0.999999996999899
"20RV_20RV183",0.676336916666828,-0.259782426773257,NA,NA,"Sun","bur_col",5.0001016660417e-09,0.999999994999898,0,1,0.0104162506754394,0.989583749324561,0.999999999999995,4.77395900588817e-15,0,5.0001016660417e-09,0,0.999999994999898
"20RV_20RV183",0.178607471708808,-0.0445148791760333,0.130112491846535,0.233370413861256,"Shade","bur_col",5.0001016660417e-09,0.999999994999898,0,1,0.0104162506754394,0.989583749324561,0.999999999999995,4.77395900588817e-15,0,5.0001016660417e-09,0,0.999999994999898
"20RV_20RV184",0.200957636867684,-0.140024399749942,-0.0861569877175805,0.0244922708069324,"Sun","bur_col",5.00009811332802e-09,0.999999994999902,0,1,2.66453525910038e-15,0.999999999999997,0.28514905017777,0.714850949822231,0,5.00009811332802e-09,0,0.999999994999902
"20RV_20RV184",0.0362703809937484,-0.151305738573386,-0.114890243687037,0.0571742967260665,"Shade","bur_col",5.00009811332802e-09,0.999999994999902,0,1,2.66453525910038e-15,0.999999999999997,0.28514905017777,0.714850949822231,0,5.00009811332802e-09,0,0.999999994999902
"20RV_20RV186",-0.574644786544772,0.122236638409622,0.0890791988361229,-0.0871287424014674,"Sun","bur_col",5.0001016660417e-09,0.999999994999898,0,1,2.66453525910038e-15,0.999999999999997,7.105427357601e-15,0.999999999999993,0,5.0001016660417e-09,0,0.999999994999898
"20RV_20RV186",-0.310737843860411,-0.111473797068651,-0.127800150139333,-0.137010826260109,"Shade","bur_col",5.0001016660417e-09,0.999999994999898,0,1,2.66453525910038e-15,0.999999999999997,7.105427357601e-15,0.999999999999993,0,5.0001016660417e-09,0,0.999999994999898
"20RV_20RV189",0.14049159205868,-0.0406637842911845,-0.0352627894023939,0.212271598263317,"Sun","bur_col",7.00009827880876e-09,0.999999992999902,0,1,0,1,7.105427357601e-15,0.999999999999993,0,7.00009827880876e-09,0,0.999999992999902
"20RV_20RV189",0.0891882781178441,0.0512949649046307,0.19465354426146,0.170412330302854,"Shade","bur_col",7.00009827880876e-09,0.999999992999902,0,1,0,1,7.105427357601e-15,0.999999999999993,0,7.00009827880876e-09,0,0.999999992999902
"20RV_20RV191",0.607203193070108,NA,NA,NA,"Sun","bur_col",0.9999999949999,5.00009988968486e-09,0.999999999999996,3.5527136788005e-15,2.66453525910038e-15,0.999999999999997,0.999999999999995,4.77395900588817e-15,0.999999994999897,3.55271366103658e-15,5.00009988968484e-09,1.77639232734523e-23
"20RV_20RV191",0.000973552021178413,-0.172607108140984,-0.00744071079596382,0.0545875570433492,"Shade","bur_col",0.9999999949999,5.00009988968486e-09,0.999999999999996,3.5527136788005e-15,2.66453525910038e-15,0.999999999999997,0.999999999999995,4.77395900588817e-15,0.999999994999897,3.55271366103658e-15,5.00009988968484e-09,1.77639232734523e-23
"20RV_20RV192",-0.569458755810298,-0.0108796017295784,0.0683318143362055,-0.0225287690153693,"Sun","bur_col",0.9999999949999,5.00009988968486e-09,0,1,1,1.11022302462516e-15,7.105427357601e-15,0.999999999999993,0,0.9999999949999,0,5.00009988968486e-09
"20RV_20RV192",-0.174095105641782,-0.184817033669494,-0.0355142337322277,-0.0678210694643643,"Shade","bur_col",0.9999999949999,5.00009988968486e-09,0,1,1,1.11022302462516e-15,7.105427357601e-15,0.999999999999993,0,0.9999999949999,0,5.00009988968486e-09
"20RV_20RV200",-0.0688617149146378,0.07157865191915,-0.0388020865427584,-0.0462420762833859,"Sun","bur_col",6.00010174878207e-09,0.999999993999898,0,1,2.66453525910038e-15,0.999999999999997,0.999999999999995,4.77395900588817e-15,0,6.00010174878207e-09,0,0.999999993999898
"20RV_20RV200",-0.190412145815264,0.0678420578554766,0.0401197372310568,-0.0314943426603346,"Shade","bur_col",6.00010174878207e-09,0.999999993999898,0,1,2.66453525910038e-15,0.999999999999997,0.999999999999995,4.77395900588817e-15,0,6.00010174878207e-09,0,0.999999993999898
"20RV_20RV201",0.201811281544919,0.116291437268719,-0.00995970087628512,0.0600791298985668,"Sun","bur_col",0.999998206858795,1.7931412048533e-06,0,1,1,1.11022302462516e-15,7.105427357601e-15,0.999999999999993,0,0.999998206858795,0,1.7931412048533e-06
"20RV_20RV201",-0.044910192344113,-0.0451245700605337,0.0246567141974787,-0.0341759467336581,"Shade","bur_col",0.999998206858795,1.7931412048533e-06,0,1,1,1.11022302462516e-15,7.105427357601e-15,0.999999999999993,0,0.999998206858795,0,1.7931412048533e-06
"20RV_20RV203",-0.473074751953724,-0.00363107225542694,-0.0798560272700371,-0.100979726907565,"Sun","bur_col",3.00009794784728e-09,0.999999996999902,0.999999999999996,3.5527136788005e-15,1,1.11022302462516e-15,6.21724893790088e-15,0.999999999999994,3.00009794784727e-09,1.06584890170583e-23,0.999999996999898,3.55271366814201e-15
"20RV_20RV203",0.0378513022773728,-0.0188042223322446,-0.0872068569773233,-0.0296742172648058,"Shade","bur_col",3.00009794784728e-09,0.999999996999902,0.999999999999996,3.5527136788005e-15,1,1.11022302462516e-15,6.21724893790088e-15,0.999999999999994,3.00009794784727e-09,1.06584890170583e-23,0.999999996999898,3.55271366814201e-15
"20RV_20RV204",0.0404163952019045,-0.162800220303171,-0.0667041117483342,-0.00380158140556082,"Sun","bur_col",5.0001016660417e-09,0.999999994999898,0.999999999999996,3.5527136788005e-15,0.999999999996083,3.91664478627263e-12,0.999999999999995,4.77395900588817e-15,5.00010166604168e-09,1.77639295843395e-23,0.999999994999895,3.55271366103657e-15
"20RV_20RV204",0.0548523239505452,-0.0819201451305437,-0.0489342113860525,-0.126369397875315,"Shade","bur_col",5.0001016660417e-09,0.999999994999898,0.999999999999996,3.5527136788005e-15,0.999999999996083,3.91664478627263e-12,0.999999999999995,4.77395900588817e-15,5.00010166604168e-09,1.77639295843395e-23,0.999999994999895,3.55271366103657e-15
"20RV_20RV207",-0.831875197057375,0.156785074311226,0.0607502426189724,-0.113037642834059,"Sun","bur_col",5.00009811332802e-09,0.999999994999902,1.41283765797695e-07,0.999999858716234,1,1.11022302462516e-15,7.105427357601e-15,0.999999999999993,7.06432690808933e-16,5.00009740689533e-09,1.41283765091262e-07,0.999999853716137
"20RV_20RV207",-0.12346198780128,0.0402038299119377,0.000572119063128211,0.021503615655468,"Shade","bur_col",5.00009811332802e-09,0.999999994999902,1.41283765797695e-07,0.999999858716234,1,1.11022302462516e-15,7.105427357601e-15,0.999999999999993,7.06432690808933e-16,5.00009740689533e-09,1.41283765091262e-07,0.999999853716137
"20RV_20RV220",-0.445775771810046,0.22428448695489,-0.014637625579979,-0.0409821908494831,"Sun","bur_col",0.9999999929999,7.0000997220987e-09,-8.88178419700125e-16,1,1,1.11022302462516e-15,0.701978066779635,0.298021933220365,-8.88178413482788e-16,0.999999992999901,-6.21733750891691e-24,7.0000997220987e-09
"20RV_20RV220",-0.265274519910034,0.0522695727625858,-0.127733283337156,-0.14725023274419,"Shade","bur_col",0.9999999929999,7.0000997220987e-09,-8.88178419700125e-16,1,1,1.11022302462516e-15,0.701978066779635,0.298021933220365,-8.88178413482788e-16,0.999999992999901,-6.21733750891691e-24,7.0000997220987e-09
"20RV_20RV221",0.704507413118694,-0.0408164409221104,NA,NA,"Sun","bur_col",5.0001016660417e-09,0.999999994999898,0,1,2.66453525910038e-15,0.999999999999997,0.999999999999995,4.77395900588817e-15,0,5.0001016660417e-09,0,0.999999994999898
"20RV_20RV221",0.199414152453688,-0.0311370732147074,0.0942698874580262,0.0861284160428638,"Shade","bur_col",5.0001016660417e-09,0.999999994999898,0,1,2.66453525910038e-15,0.999999999999997,0.999999999999995,4.77395900588817e-15,0,5.0001016660417e-09,0,0.999999994999898
"20RV_20RV232",-0.500265540328159,0.201765914469806,0.0344872998351239,-0.0657105369898492,"Sun","bur_col",0.9999999949999,5.00009988968486e-09,-8.88178419700125e-16,1,1,1.11022302462516e-15,0.999999999999995,4.77395900588817e-15,-8.88178415259145e-16,0.999999994999901,-4.44098081836307e-24,5.00009988968487e-09
"20RV_20RV232",-0.0256392319316662,-0.0189884182726775,-0.151483604396684,-0.217875733805393,"Shade","bur_col",0.9999999949999,5.00009988968486e-09,-8.88178419700125e-16,1,1,1.11022302462516e-15,0.999999999999995,4.77395900588817e-15,-8.88178415259145e-16,0.999999994999901,-4.44098081836307e-24,5.00009988968487e-09
"20RV_20RV243",-0.421783847236498,-0.264687539750574,-0.102993499102204,-0.0479942794327707,"Sun","bur_col",0.9999999969999,3.00009994624872e-09,1.41283765797695e-07,0.999999858716234,1,1.11022302462516e-15,0.497847019077565,0.502152980922435,1.4128376537383e-07,0.999999855716135,4.23865418175482e-16,3.00009952238331e-09
"20RV_20RV243",-0.157710856747339,-0.0841752554469622,-0.0104242476181891,-0.0462061602358318,"Shade","bur_col",0.9999999969999,3.00009994624872e-09,1.41283765797695e-07,0.999999858716234,1,1.11022302462516e-15,0.497847019077565,0.502152980922435,1.4128376537383e-07,0.999999855716135,4.23865418175482e-16,3.00009952238331e-09
"20RV_20RV244",0.228910373469248,-0.118119822303236,-0.0101241099450888,0.0793257619097985,"Sun","bur_col",5.0001016660417e-09,0.999999994999898,0.999999999999996,3.5527136788005e-15,1,1.11022302462516e-15,6.21724893790088e-15,0.999999999999994,5.00010166604168e-09,1.77639295843395e-23,0.999999994999895,3.55271366103657e-15
"20RV_20RV244",0.283718680890711,-0.159504039893967,-0.0137532885705623,0.0848711111457022,"Shade","bur_col",5.0001016660417e-09,0.999999994999898,0.999999999999996,3.5527136788005e-15,1,1.11022302462516e-15,6.21724893790088e-15,0.999999999999994,5.00010166604168e-09,1.77639295843395e-23,0.999999994999895,3.55271366103657e-15
"20RV_20RV246",-0.491102636585184,-0.0344661815345609,-0.0565695244468813,-0.176753757924433,"Sun","bur_col",0.9999999969999,3.00009994624872e-09,0.999999999999996,3.5527136788005e-15,1,1.11022302462516e-15,0.943047326463875,0.0569526735361247,0.999999996999897,3.552713668142e-15,3.00009994624871e-09,1.06584961168065e-23
"20RV_20RV246",0.0287521528689291,0.0381634466249758,0.00435614703494664,0.0622138811021737,"Shade","bur_col",0.9999999969999,3.00009994624872e-09,0.999999999999996,3.5527136788005e-15,1,1.11022302462516e-15,0.943047326463875,0.0569526735361247,0.999999996999897,3.552713668142e-15,3.00009994624871e-09,1.06584961168065e-23
"20RV_20RV249",0.191295882778187,-0.095363536845518,-0.0592237793109825,0.134834584170015,"Sun","bur_col",3.00009794784728e-09,0.999999996999902,0,1,2.66453525910038e-15,0.999999999999997,7.105427357601e-15,0.999999999999993,0,3.00009794784728e-09,0,0.999999996999902
"20RV_20RV249",0.0206849370237579,0.00652521621688176,0.043709981119964,0.0766601075718153,"Shade","bur_col",3.00009794784728e-09,0.999999996999902,0,1,2.66453525910038e-15,0.999999999999997,7.105427357601e-15,0.999999999999993,0,3.00009794784728e-09,0,0.999999996999902
"20RV_20RV256",0.14187439906199,0.107937889960035,0.126424381621332,0.112264610369238,"Sun","bur_col",0.9999999969999,3.00009994624872e-09,-8.88178419700125e-16,1,2.66453525910038e-15,0.999999999999997,0.999999999999995,4.77395900588817e-15,-8.88178417035501e-16,0.999999996999901,-2.66462402920162e-24,3.00009994624873e-09
"20RV_20RV256",-0.0737187718120685,0.0590852246654393,0.0648932884515824,-0.0279820374761871,"Shade","bur_col",0.9999999969999,3.00009994624872e-09,-8.88178419700125e-16,1,2.66453525910038e-15,0.999999999999997,0.999999999999995,4.77395900588817e-15,-8.88178417035501e-16,0.999999996999901,-2.66462402920162e-24,3.00009994624873e-09
"20RV_20RV258",0.17072502874274,0.104164289555367,0.0939401476270235,0.106891818667497,"Sun","bur_col",0.99443759895745,0.00556240104254968,0,1,1,1.11022302462516e-15,7.105427357601e-15,0.999999999999993,0,0.99443759895745,0,0.00556240104254968
"20RV_20RV258",-0.022774463876903,0.110044107059747,0.0900572081282751,0.0435098511267688,"Shade","bur_col",0.99443759895745,0.00556240104254968,0,1,1,1.11022302462516e-15,7.105427357601e-15,0.999999999999993,0,0.99443759895745,0,0.00556240104254968
"20RV_20RV272",0.426297782593605,-0.21698125068359,0.0348348091164206,0.0802450101329949,"Sun","bur_col",3.00009794784728e-09,0.999999996999902,0,1,2.66453525910038e-15,0.999999999999997,0.999999999999995,4.77395900588817e-15,0,3.00009794784728e-09,0,0.999999996999902
"20RV_20RV272",0.170519741365845,-0.0139490917526086,0.0714451651612607,0.0968894730273715,"Shade","bur_col",3.00009794784728e-09,0.999999996999902,0,1,2.66453525910038e-15,0.999999999999997,0.999999999999995,4.77395900588817e-15,0,3.00009794784728e-09,0,0.999999996999902
"20RV_20RV274",0.409310680029126,0.0297468436137462,0.155393722956519,0.155192872025257,"Sun","bur_col",3.00010150056096e-09,0.999999996999898,0,1,2.66453525910038e-15,0.999999999999997,0.999999999999995,4.77395900588817e-15,0,3.00010150056096e-09,0,0.999999996999898
"20RV_20RV274",0.114133322271736,-0.0209368064778465,0.15098085552544,0.135204712020858,"Shade","bur_col",3.00010150056096e-09,0.999999996999898,0,1,2.66453525910038e-15,0.999999999999997,0.999999999999995,4.77395900588817e-15,0,3.00010150056096e-09,0,0.999999996999898
"20RV_20RV276",0.493714502356866,0.0766848396880616,-0.0180383604783734,-0.053186644431174,"Sun","bur_col",3.00009794784728e-09,0.999999996999902,0.999999999999996,3.5527136788005e-15,1,1.11022302462516e-15,6.21724893790088e-15,0.999999999999994,3.00009794784727e-09,1.06584890170583e-23,0.999999996999898,3.55271366814201e-15
"20RV_20RV276",0.157326254930881,0.0196989674798771,-0.0428978485660931,0.0997134581545425,"Shade","bur_col",3.00009794784728e-09,0.999999996999902,0.999999999999996,3.5527136788005e-15,1,1.11022302462516e-15,6.21724893790088e-15,0.999999999999994,3.00009794784727e-09,1.06584890170583e-23,0.999999996999898,3.55271366814201e-15
"20RV_20RV277",-0.366882020486471,-0.261003253989442,-0.000594737213459244,-0.0346361446880961,"Sun","bur_col",0.9999999969999,3.00009994624872e-09,-8.88178419700125e-16,1,0.999999999999525,4.7528647684203e-13,0.999999999999995,4.77395900588817e-15,-8.88178417035501e-16,0.999999996999901,-2.66462402920162e-24,3.00009994624873e-09
"20RV_20RV277",-0.0573067003103083,0.120177125902397,0.0591302379472772,0.0628151481226609,"Shade","bur_col",0.9999999969999,3.00009994624872e-09,-8.88178419700125e-16,1,0.999999999999525,4.7528647684203e-13,0.999999999999995,4.77395900588817e-15,-8.88178417035501e-16,0.999999996999901,-2.66462402920162e-24,3.00009994624873e-09
"20RV_20RV281",-0.303562055840699,-0.111579128143693,0.189860078332411,0.00328428056301902,"Sun","bur_col",5.00009811332802e-09,0.999999994999902,-8.88178419700125e-16,1,2.66453525910038e-15,0.999999999999997,6.21724893790088e-15,0.999999999999994,-4.44097924064126e-24,5.00009811332803e-09,-8.88178415259146e-16,0.999999994999903
"20RV_20RV281",-0.106146666641097,0.0841170453165679,0.0500867998252576,-0.0412290853409489,"Shade","bur_col",5.00009811332802e-09,0.999999994999902,-8.88178419700125e-16,1,2.66453525910038e-15,0.999999999999997,6.21724893790088e-15,0.999999999999994,-4.44097924064126e-24,5.00009811332803e-09,-8.88178415259146e-16,0.999999994999903
"20RV_20RV285",-0.26649216900671,0.28860814815359,0.0980030605486627,-0.0956503532290703,"Sun","bur_col",0.9999999949999,5.00009988968486e-09,-8.88178419700125e-16,1,1,1.11022302462516e-15,6.21724893790088e-15,0.999999999999994,-8.88178415259145e-16,0.999999994999901,-4.44098081836307e-24,5.00009988968487e-09
"20RV_20RV285",-0.11762842126706,0.12273147238581,0.0501953272741217,-0.0673333732402588,"Shade","bur_col",0.9999999949999,5.00009988968486e-09,-8.88178419700125e-16,1,1,1.11022302462516e-15,6.21724893790088e-15,0.999999999999994,-8.88178415259145e-16,0.999999994999901,-4.44098081836307e-24,5.00009988968487e-09
"20RV_20RV288",-0.811874462729401,-0.0714027032657671,-0.0604445579454508,-0.122683143478244,"Sun","bur_col",0.9999999949999,5.00009988968486e-09,3.67333186090946e-07,0.999999632666814,1,1.11022302462516e-15,0.999999999999995,4.77395900588817e-15,3.67333184254243e-07,0.999999627666716,1.83670262325093e-15,5.00009805298224e-09
"20RV_20RV288",0.102635303870554,-0.0958701893587128,-0.0614704917303604,-0.0537969148359218,"Shade","bur_col",0.9999999949999,5.00009988968486e-09,3.67333186090946e-07,0.999999632666814,1,1.11022302462516e-15,0.999999999999995,4.77395900588817e-15,3.67333184254243e-07,0.999999627666716,1.83670262325093e-15,5.00009805298224e-09
"20RV_20RV289",0.199914812629368,0.173201914723275,0.0518457205406796,0.0145879226937197,"Sun","bur_col",0.9999999949999,5.00009988968486e-09,-8.88178419700125e-16,1,1,1.11022302462516e-15,6.21724893790088e-15,0.999999999999994,-8.88178415259145e-16,0.999999994999901,-4.44098081836307e-24,5.00009988968487e-09
"20RV_20RV289",-0.0433829820305229,0.0157455717621802,-0.0994709678222129,-0.00350638954352043,"Shade","bur_col",0.9999999949999,5.00009988968486e-09,-8.88178419700125e-16,1,1,1.11022302462516e-15,6.21724893790088e-15,0.999999999999994,-8.88178415259145e-16,0.999999994999901,-4.44098081836307e-24,5.00009988968487e-09
"20RV_20RV290",-0.0807462046176806,-0.182866407212974,-0.115094480808039,0.164206277880751,"Sun","bur_col",7.00009827880876e-09,0.999999992999902,-8.88178419700125e-16,1,0.999999999996083,3.91664478627263e-12,6.21724893790088e-15,0.999999999999994,-6.21733622701794e-24,7.00009827880877e-09,-8.88178413482789e-16,0.999999992999903
"20RV_20RV290",0.127595719863791,-0.0288827360584139,0.0302081174976063,0.114633577347232,"Shade","bur_col",7.00009827880876e-09,0.999999992999902,-8.88178419700125e-16,1,0.999999999996083,3.91664478627263e-12,6.21724893790088e-15,0.999999999999994,-6.21733622701794e-24,7.00009827880877e-09,-8.88178413482789e-16,0.999999992999903
"20RV_20RV292",0.483265130726998,-0.0118642182546614,-0.0173235760493789,0.157602773735516,"Sun","bur_col",5.00009811332802e-09,0.999999994999902,-8.88178419700125e-16,1,2.66453525910038e-15,0.999999999999997,0.999999999999995,4.77395900588817e-15,-4.44097924064126e-24,5.00009811332803e-09,-8.88178415259146e-16,0.999999994999903
"20RV_20RV292",0.151224438297472,0.138593016620941,0.0542555407675822,0.221319442888105,"Shade","bur_col",5.00009811332802e-09,0.999999994999902,-8.88178419700125e-16,1,2.66453525910038e-15,0.999999999999997,0.999999999999995,4.77395900588817e-15,-4.44097924064126e-24,5.00009811332803e-09,-8.88178415259146e-16,0.999999994999903
"20RV_20RV294",-0.552144333558358,-0.0389109153161712,0.0767016822582631,-0.103373013953449,"Sun","bur_col",5.0001016660417e-09,0.999999994999898,0,1,2.66453525910038e-15,0.999999999999997,7.105427357601e-15,0.999999999999993,0,5.0001016660417e-09,0,0.999999994999898
"20RV_20RV294",-0.284738335506357,-0.00805786793584667,-0.0605661424077832,-0.106545513081203,"Shade","bur_col",5.0001016660417e-09,0.999999994999898,0,1,2.66453525910038e-15,0.999999999999997,7.105427357601e-15,0.999999999999993,0,5.0001016660417e-09,0,0.999999994999898
"20RV_20RV300",-0.00183711212952625,0.0933887281028613,0.0596007657840671,-0.0115147861332391,"Sun","bur_col",5.00009811332802e-09,0.999999994999902,0.999999999999996,3.5527136788005e-15,1,1.11022302462516e-15,0.999999999999995,4.77395900588817e-15,5.000098113328e-09,1.7763916962565e-23,0.999999994999898,3.55271366103658e-15
"20RV_20RV300",0.177342412409823,NA,0.048073023360186,0.0159501116152365,"Shade","bur_col",5.00009811332802e-09,0.999999994999902,0.999999999999996,3.5527136788005e-15,1,1.11022302462516e-15,0.999999999999995,4.77395900588817e-15,5.000098113328e-09,1.7763916962565e-23,0.999999994999898,3.55271366103658e-15
"20RV_20RV301",-0.237920363048581,0.00971444623743583,0.00409932496751192,0.0571186887611527,"Sun","bur_col",3.00009794784728e-09,0.999999996999902,-8.88178419700125e-16,1,1,1.11022302462516e-15,6.21724893790088e-15,0.999999999999994,-2.66462225426459e-24,3.00009794784728e-09,-8.88178417035503e-16,0.999999996999903
"20RV_20RV301",0.0656870404299817,-0.138356094213252,0.0594404977564714,0.0461375281479358,"Shade","bur_col",3.00009794784728e-09,0.999999996999902,-8.88178419700125e-16,1,1,1.11022302462516e-15,6.21724893790088e-15,0.999999999999994,-2.66462225426459e-24,3.00009794784728e-09,-8.88178417035503e-16,0.999999996999903
"20RV_20RV302",-0.753163019963135,0.169550304362538,0.13420411519476,-0.0976064700789826,"Sun","bur_col",5.0001016660417e-09,0.999999994999898,0,1,1,1.11022302462516e-15,0.502152980922437,0.497847019077563,0,5.0001016660417e-09,0,0.999999994999898
"20RV_20RV302",-0.198350985479972,0.0929915735127969,0.0597913669474931,-0.092246978402959,"Shade","bur_col",5.0001016660417e-09,0.999999994999898,0,1,1,1.11022302462516e-15,0.502152980922437,0.497847019077563,0,5.0001016660417e-09,0,0.999999994999898
"20RV_20RV303",-0.391322590583193,0.171951701294798,-0.0626786418052424,-0.0512361458479528,"Sun","bur_col",5.00009811332802e-09,0.999999994999902,-8.88178419700125e-16,1,0,1,0.999999999999995,4.77395900588817e-15,-4.44097924064126e-24,5.00009811332803e-09,-8.88178415259146e-16,0.999999994999903
"20RV_20RV303",-0.0390338310473103,0.130247889666062,-0.029356734970081,-0.087491628586624,"Shade","bur_col",5.00009811332802e-09,0.999999994999902,-8.88178419700125e-16,1,0,1,0.999999999999995,4.77395900588817e-15,-4.44097924064126e-24,5.00009811332803e-09,-8.88178415259146e-16,0.999999994999903
"20RV_20RV307",-0.649781177339681,-0.202714341127822,-0.0750515237901576,-0.155297134935893,"Sun","bur_col",0.9999999949999,5.00009988968486e-09,0.991972831737651,0.00802716826234895,1,1.11022302462516e-15,6.21724893790088e-15,0.999999999999994,0.991972826777688,0.00802716822221231,4.95996324654181e-09,4.01366431430528e-11
"20RV_20RV307",-0.175440336836335,-0.019667225358177,-0.0599038203338374,-0.136628588478218,"Shade","bur_col",0.9999999949999,5.00009988968486e-09,0.991972831737651,0.00802716826234895,1,1.11022302462516e-15,6.21724893790088e-15,0.999999999999994,0.991972826777688,0.00802716822221231,4.95996324654181e-09,4.01366431430528e-11
"20RV_20RV309",0.35444052051874,0.178853586233819,0.0152590004407643,-0.0124803206162204,"Sun","bur_col",0.9999999969999,3.00009994624872e-09,-8.88178419700125e-16,1,2.66453525910038e-15,0.999999999999997,6.21724893790088e-15,0.999999999999994,-8.88178417035501e-16,0.999999996999901,-2.66462402920162e-24,3.00009994624873e-09
"20RV_20RV309",0.0851684795833948,0.0613967928034385,0.0995631418381589,-0.0311636019479332,"Shade","bur_col",0.9999999969999,3.00009994624872e-09,-8.88178419700125e-16,1,2.66453525910038e-15,0.999999999999997,6.21724893790088e-15,0.999999999999994,-8.88178417035501e-16,0.999999996999901,-2.66462402920162e-24,3.00009994624873e-09
"20RV_20RV310",0.838342064696833,-0.221665140022867,NA,NA,"Sun","bur_col",5.00009811332802e-09,0.999999994999902,0,1,1,1.11022302462516e-15,0.999999999993421,6.5794036885336e-12,0,5.00009811332802e-09,0,0.999999994999902
"20RV_20RV310",0.26799248960417,0.0849298253612764,0.167940146497164,0.282691743910963,"Shade","bur_col",5.00009811332802e-09,0.999999994999902,0,1,1,1.11022302462516e-15,0.999999999993421,6.5794036885336e-12,0,5.00009811332802e-09,0,0.999999994999902
"20RV_20RV321",-0.121959525624959,0.0911864222991559,0.0445775512270143,0.0223461669672798,"Sun","bur_col",5.00009811332802e-09,0.999999994999902,0,1,1,1.11022302462516e-15,0.976673670577482,0.0233263294225183,0,5.00009811332802e-09,0,0.999999994999902
"20RV_20RV321",-0.253063900301679,-0.0109820519826504,0.0183844031594906,-0.0299875200625758,"Shade","bur_col",5.00009811332802e-09,0.999999994999902,0,1,1,1.11022302462516e-15,0.976673670577482,0.0233263294225183,0,5.00009811332802e-09,0,0.999999994999902
"20RV_20RV323",-0.186504933206702,0.0427120100680958,-0.0472016751334061,0.117221440783956,"Sun","bur_col",3.00010150056096e-09,0.999999996999898,1.41283767574052e-07,0.999999858716232,2.66453525910038e-15,0.999999999999997,7.105427357601e-15,0.999999999999993,4.23865643103819e-16,3.00010107669532e-09,1.41283767150186e-07,0.999999855716131
"20RV_20RV323",0.00320906966509216,-0.0857413064518291,-0.0567923892078776,0.0954649614037001,"Shade","bur_col",3.00010150056096e-09,0.999999996999898,1.41283767574052e-07,0.999999858716232,2.66453525910038e-15,0.999999999999997,7.105427357601e-15,0.999999999999993,4.23865643103819e-16,3.00010107669532e-09,1.41283767150186e-07,0.999999855716131
"20RV_20RV324",-0.711973706610163,-0.0220503188101371,-0.114379192229456,-0.0204731407712367,"Sun","bur_col",0.9999999949999,5.00009988968486e-09,-8.88178419700125e-16,1,1,1.11022302462516e-15,6.21724893790088e-15,0.999999999999994,-8.88178415259145e-16,0.999999994999901,-4.44098081836307e-24,5.00009988968487e-09
"20RV_20RV324",-0.00737712313344234,0.146692680486913,0.0773699110173994,0.0425368303467496,"Shade","bur_col",0.9999999949999,5.00009988968486e-09,-8.88178419700125e-16,1,1,1.11022302462516e-15,6.21724893790088e-15,0.999999999999994,-8.88178415259145e-16,0.999999994999901,-4.44098081836307e-24,5.00009988968487e-09
"20RV_20RV325",-0.30311820258821,-0.142113807440614,-0.0777504987988948,-0.0298529919062495,"Sun","bur_col",0.9999999969999,3.00009994624872e-09,0.379604687896976,0.620395312103024,1,1.11022302462516e-15,6.21724893790088e-15,0.999999999999994,0.379604686758124,0.620395310241776,1.13885200375548e-09,1.86124794249324e-09
"20RV_20RV325",-0.086276328183847,0.100336511601974,-0.101990341580239,-0.00134812986541235,"Shade","bur_col",0.9999999969999,3.00009994624872e-09,0.379604687896976,0.620395312103024,1,1.11022302462516e-15,6.21724893790088e-15,0.999999999999994,0.379604686758124,0.620395310241776,1.13885200375548e-09,1.86124794249324e-09
"20RV_20RV327",-0.433414108630022,-0.0345929525114939,-0.122638684196272,-0.074956298360303,"Sun","bur_col",0.0464932079925448,0.953506792007455,0,1,1,1.11022302462516e-15,7.105427357601e-15,0.999999999999993,0,0.0464932079925448,0,0.953506792007455
"20RV_20RV327",-0.202246992889384,0.0885501518252305,-0.0102275700019835,-0.113380504801337,"Shade","bur_col",0.0464932079925448,0.953506792007455,0,1,1,1.11022302462516e-15,7.105427357601e-15,0.999999999999993,0,0.0464932079925448,0,0.953506792007455
"20RV_20RV328",-0.34882764293457,0.250870238414846,0.0814886853797403,0.0229736835007303,"Sun","bur_col",0.9999999939999,6.00009986140293e-09,-8.88178419700125e-16,1,1,1.11022302462516e-15,6.21724893790088e-15,0.999999999999994,-8.88178414370966e-16,0.999999993999901,-5.3291592129438e-24,6.00009986140294e-09
"20RV_20RV328",-0.132618503312617,0.0198233889138419,-0.0169609630769345,-0.118742194061076,"Shade","bur_col",0.9999999939999,6.00009986140293e-09,-8.88178419700125e-16,1,1,1.11022302462516e-15,6.21724893790088e-15,0.999999999999994,-8.88178414370966e-16,0.999999993999901,-5.3291592129438e-24,6.00009986140294e-09
"20RV_20RV332",0.191156765103012,0.0138875031182137,-0.0120867908918228,0.103417565945218,"Sun","bur_col",0.9999999969999,3.00009994624872e-09,-8.88178419700125e-16,1,-3.5527136788005e-15,1,6.21724893790088e-15,0.999999999999994,-8.88178417035501e-16,0.999999996999901,-2.66462402920162e-24,3.00009994624873e-09
"20RV_20RV332",0.0205223085183684,0.0234874459325442,0.0981747066070591,0.0435942121774174,"Shade","bur_col",0.9999999969999,3.00009994624872e-09,-8.88178419700125e-16,1,-3.5527136788005e-15,1,6.21724893790088e-15,0.999999999999994,-8.88178417035501e-16,0.999999996999901,-2.66462402920162e-24,3.00009994624873e-09
"20RV_20RV339",0.0968055235786803,0.0275621128917409,-0.00766773700122159,-0.037253714723258,"Sun","bur_col",5.00009811332802e-09,0.999999994999902,0.999999999999996,3.5527136788005e-15,2.66453525910038e-15,0.999999999999997,7.105427357601e-15,0.999999999999993,5.000098113328e-09,1.7763916962565e-23,0.999999994999898,3.55271366103658e-15
"20RV_20RV339",0.0998785817364335,0.0769437743254024,0.0936187665997643,0.0237802075322225,"Shade","bur_col",5.00009811332802e-09,0.999999994999902,0.999999999999996,3.5527136788005e-15,2.66453525910038e-15,0.999999999999997,7.105427357601e-15,0.999999999999993,5.000098113328e-09,1.7763916962565e-23,0.999999994999898,3.55271366103658e-15
"20RV_20RV342",-0.20877158176683,-0.0476767827173007,0.100096377008797,-0.0877471398380513,"Sun","bur_col",3.00010150056096e-09,0.999999996999898,0,1,1,1.11022302462516e-15,0.999999999999995,4.77395900588817e-15,0,3.00010150056096e-09,0,0.999999996999898
"20RV_20RV342",-0.115196126372406,0.0164393483125406,-0.0624703703016651,-0.0947923067072435,"Shade","bur_col",3.00010150056096e-09,0.999999996999898,0,1,1,1.11022302462516e-15,0.999999999999995,4.77395900588817e-15,0,3.00010150056096e-09,0,0.999999996999898
"20RV_20RV345",0.312039487393928,0.0235789147572662,-0.0630237463112373,0.0721241880217902,"Sun","bur_col",0.9999999929999,7.0000997220987e-09,-8.88178419700125e-16,1,2.66453525910038e-15,0.999999999999997,6.21724893790088e-15,0.999999999999994,-8.88178413482788e-16,0.999999992999901,-6.21733750891691e-24,7.0000997220987e-09
"20RV_20RV345",-0.187905446140847,-0.239706379166261,-0.04750706831959,-0.0442834467012238,"Shade","bur_col",0.9999999929999,7.0000997220987e-09,-8.88178419700125e-16,1,2.66453525910038e-15,0.999999999999997,6.21724893790088e-15,0.999999999999994,-8.88178413482788e-16,0.999999992999901,-6.21733750891691e-24,7.0000997220987e-09
"20RV_20RV346",-0.0653789175058616,0.279071551886737,0.0609783454887797,0.019257136616478,"Sun","bur_col",5.0001016660417e-09,0.999999994999898,-8.88178419700125e-16,1,2.66453525910038e-15,0.999999999999997,0.999999999999995,4.77395900588817e-15,-4.44098239608488e-24,5.00010166604171e-09,-8.88178415259143e-16,0.999999994999899
"20RV_20RV346",0.0428633158657692,0.132787508035736,-0.0918331721991412,0.0100551623321888,"Shade","bur_col",5.0001016660417e-09,0.999999994999898,-8.88178419700125e-16,1,2.66453525910038e-15,0.999999999999997,0.999999999999995,4.77395900588817e-15,-4.44098239608488e-24,5.00010166604171e-09,-8.88178415259143e-16,0.999999994999899
"20RV_20RV351",-0.499768499201264,NA,0.0753262011493465,-0.0668926217881904,"Sun","bur_col",5.0001016660417e-09,0.999999994999898,0.92423568031355,0.0757643196864503,2.66453525910038e-15,0.999999999999997,0.999999999999995,4.77395900588817e-15,4.62127236495097e-09,3.78829301090736e-10,0.924235675692277,0.075764319307621
"20RV_20RV351",0.192138737813573,-0.0480719584102597,-0.0458168084798758,-0.0597216890301224,"Shade","bur_col",5.0001016660417e-09,0.999999994999898,0.92423568031355,0.0757643196864503,2.66453525910038e-15,0.999999999999997,0.999999999999995,4.77395900588817e-15,4.62127236495097e-09,3.78829301090736e-10,0.924235675692277,0.075764319307621
"20RV_20RV353",-0.472903020152745,0.0639116793899876,0.0776072065929759,-0.0762899655243728,"Sun","bur_col",5.00009811332802e-09,0.999999994999902,0.999999999999996,3.5527136788005e-15,1,1.11022302462516e-15,7.105427357601e-15,0.999999999999993,5.000098113328e-09,1.7763916962565e-23,0.999999994999898,3.55271366103658e-15
"20RV_20RV353",-0.0206212961931759,-0.0519333755436635,-0.096671643998722,-0.15983829440115,"Shade","bur_col",5.00009811332802e-09,0.999999994999902,0.999999999999996,3.5527136788005e-15,1,1.11022302462516e-15,7.105427357601e-15,0.999999999999993,5.000098113328e-09,1.7763916962565e-23,0.999999994999898,3.55271366103658e-15
"20RV_20RV354",0.0685337409675221,0.0586748379587299,0.0700225322760906,0.0970688494293011,"Sun","bur_col",0.9999999929999,7.0000997220987e-09,0,1,1,1.11022302462516e-15,0.999999999999995,4.77395900588817e-15,0,0.9999999929999,0,7.0000997220987e-09
"20RV_20RV354",0.146236443727226,0.114066030411247,0.00673303731056484,-0.0261618422717283,"Shade","bur_col",0.9999999929999,7.0000997220987e-09,0,1,1,1.11022302462516e-15,0.999999999999995,4.77395900588817e-15,0,0.9999999929999,0,7.0000997220987e-09
"20RV_20RV355",0.440639410924411,-0.102750000351981,-0.00345613852181698,0.0123415693527873,"Sun","bur_col",0.9999999929999,7.0000997220987e-09,0,1,1,1.11022302462516e-15,7.105427357601e-15,0.999999999999993,0,0.9999999929999,0,7.0000997220987e-09
"20RV_20RV355",-0.065724740393636,-0.0184078623799151,0.0290978628294411,0.0186599800152024,"Shade","bur_col",0.9999999929999,7.0000997220987e-09,0,1,1,1.11022302462516e-15,7.105427357601e-15,0.999999999999993,0,0.9999999929999,0,7.0000997220987e-09
"20RV_20RV356",0.129582240996325,-0.0377743517209919,-0.119907738064868,-0.0744725713943394,"Sun","bur_col",0.9999999929999,7.0000999441433e-09,0.999999999999996,3.5527136788005e-15,2.66453525910038e-15,0.999999999999997,6.21724893790088e-15,0.999999999999994,0.999999992999897,3.55271365393115e-15,7.00009994414328e-09,2.48693508245285e-23
"20RV_20RV356",0.237979427231615,-0.0542093394086482,-0.0423295376280979,0.00204518096308622,"Shade","bur_col",0.9999999929999,7.0000999441433e-09,0.999999999999996,3.5527136788005e-15,2.66453525910038e-15,0.999999999999997,6.21724893790088e-15,0.999999999999994,0.999999992999897,3.55271365393115e-15,7.00009994414328e-09,2.48693508245285e-23
"20RV_20RV364",-0.341852636067259,0.156901081788151,0.130114565598219,-0.05420581169983,"Sun","bur_col",0.9999999929999,7.0000997220987e-09,0,1,1,1.11022302462516e-15,7.105427357601e-15,0.999999999999993,0,0.9999999929999,0,7.0000997220987e-09
"20RV_20RV364",-0.240328008480744,0.0422948993284598,-0.0981183844449846,-0.177943994116286,"Shade","bur_col",0.9999999929999,7.0000997220987e-09,0,1,1,1.11022302462516e-15,7.105427357601e-15,0.999999999999993,0,0.9999999929999,0,7.0000997220987e-09
"20RV_20RV371",-0.267509273715193,-0.0363508646470563,-0.129790476450187,0.0243916254254395,"Sun","bur_col",0.9999999969999,3.00009994624872e-09,0,1,1,1.11022302462516e-15,7.105427357601e-15,0.999999999999993,0,0.9999999969999,0,3.00009994624872e-09
"20RV_20RV371",0.00790941806634693,-0.0277936756914856,0.0625695942622773,0.0470853240964397,"Shade","bur_col",0.9999999969999,3.00009994624872e-09,0,1,1,1.11022302462516e-15,7.105427357601e-15,0.999999999999993,0,0.9999999969999,0,3.00009994624872e-09
"20RV_20RV372",-0.28155785831512,-0.138417600973277,-0.113121011926648,-0.0734163899145899,"Sun","bur_col",0.9999999969999,3.00009994624872e-09,0.999999999999996,3.5527136788005e-15,1,1.11022302462516e-15,0.999999999999995,4.77395900588817e-15,0.999999996999897,3.552713668142e-15,3.00009994624871e-09,1.06584961168065e-23
"20RV_20RV372",0.154354300827295,0.041738724378083,-0.0515095803026714,0.057383096146409,"Shade","bur_col",0.9999999969999,3.00009994624872e-09,0.999999999999996,3.5527136788005e-15,1,1.11022302462516e-15,0.999999999999995,4.77395900588817e-15,0.999999996999897,3.552713668142e-15,3.00009994624871e-09,1.06584961168065e-23
"20RV_20RV379",0.00257149597208181,-0.0318785797057802,0.0163936983386078,0.0647572776305827,"Sun","bur_col",0.9999999969999,3.00009994624872e-09,0.895093240903567,0.104906759096433,-3.5527136788005e-15,1,6.21724893790088e-15,0.999999999999994,0.895093238218198,0.104906758781703,2.68536918392239e-09,3.14730762326338e-10
"20RV_20RV379",-0.0910711754703669,-0.167328978794907,-0.0819714850813526,-0.0127603709289466,"Shade","bur_col",0.9999999969999,3.00009994624872e-09,0.895093240903567,0.104906759096433,-3.5527136788005e-15,1,6.21724893790088e-15,0.999999999999994,0.895093238218198,0.104906758781703,2.68536918392239e-09,3.14730762326338e-10
"20RV_20RV382",-0.379535892897101,NA,-0.0820163628834361,-0.0234105908348551,"Sun","bur_col",3.00009794784728e-09,0.999999996999902,0.999999999999996,3.5527136788005e-15,1,1.11022302462516e-15,6.21724893790088e-15,0.999999999999994,3.00009794784727e-09,1.06584890170583e-23,0.999999996999898,3.55271366814201e-15
"20RV_20RV382",0.0193516584914358,-0.214169171800615,-0.0254650413850969,0.0192973909848824,"Shade","bur_col",3.00009794784728e-09,0.999999996999902,0.999999999999996,3.5527136788005e-15,1,1.11022302462516e-15,6.21724893790088e-15,0.999999999999994,3.00009794784727e-09,1.06584890170583e-23,0.999999996999898,3.55271366814201e-15
"20RV_20RV384",0.200721392241222,-0.0708143994112814,0.0768671048064179,0.0410225848854672,"Sun","bur_col",3.00009794784728e-09,0.999999996999902,0.999999999999996,3.5527136788005e-15,1,1.11022302462516e-15,6.21724893790088e-15,0.999999999999994,3.00009794784727e-09,1.06584890170583e-23,0.999999996999898,3.55271366814201e-15
"20RV_20RV384",-0.0169803007716423,-0.0168909971051038,-0.00116461677200828,-0.0477458594247593,"Shade","bur_col",3.00009794784728e-09,0.999999996999902,0.999999999999996,3.5527136788005e-15,1,1.11022302462516e-15,6.21724893790088e-15,0.999999999999994,3.00009794784727e-09,1.06584890170583e-23,0.999999996999898,3.55271366814201e-15
"20RV_20RV404",-0.63912906122758,0.243714137395399,-0.015598488644704,-0.0983573332992232,"Sun","bur_col",0.9999999969999,3.00009994624872e-09,0.473740080713638,0.526259919286362,2.66453525910038e-15,0.999999999999997,7.105427357601e-15,0.999999999999993,0.47374007929237,0.52625991770753,1.42126759068485e-09,1.57883235556387e-09
"20RV_20RV404",-0.299111411459056,0.161694906086166,-0.0314804104559156,-0.0738125748638328,"Shade","bur_col",0.9999999969999,3.00009994624872e-09,0.473740080713638,0.526259919286362,2.66453525910038e-15,0.999999999999997,7.105427357601e-15,0.999999999999993,0.47374007929237,0.52625991770753,1.42126759068485e-09,1.57883235556387e-09
"20RV_20RV406",-0.00209020832268085,-0.361089683635333,-0.216093470304538,-0.177596720168296,"Sun","bur_col",0.9999999929999,7.0000997220987e-09,0.999999999999996,3.5527136788005e-15,1,1.11022302462516e-15,0.999999999999995,4.77395900588817e-15,0.999999992999897,3.55271365393115e-15,7.00009972209867e-09,2.48693500356676e-23
"20RV_20RV406",0.00337383630050133,-0.27260008517148,-0.152073455625898,-0.215588647283861,"Shade","bur_col",0.9999999929999,7.0000997220987e-09,0.999999999999996,3.5527136788005e-15,1,1.11022302462516e-15,0.999999999999995,4.77395900588817e-15,0.999999992999897,3.55271365393115e-15,7.00009972209867e-09,2.48693500356676e-23
"20RV_20RV409",0.157736042897316,-0.101600936325123,-0.0649961172345271,-0.107660528358176,"Sun","bur_col",5.0001016660417e-09,0.999999994999898,-8.88178419700125e-16,1,-3.5527136788005e-15,1,0.999999999999995,4.77395900588817e-15,-4.44098239608488e-24,5.00010166604171e-09,-8.88178415259143e-16,0.999999994999899
"20RV_20RV409",0.0297919498577792,0.150667030951667,0.0445039270659329,-0.0135878100504324,"Shade","bur_col",5.0001016660417e-09,0.999999994999898,-8.88178419700125e-16,1,-3.5527136788005e-15,1,0.999999999999995,4.77395900588817e-15,-4.44098239608488e-24,5.00010166604171e-09,-8.88178415259143e-16,0.999999994999899
"20RV_20RV419",-0.391921705360368,0.156117304377067,0.110932746962588,-0.00870376710062333,"Sun","bur_col",0.9999999949999,5.00009988968486e-09,-8.88178419700125e-16,1,1,1.11022302462516e-15,6.21724893790088e-15,0.999999999999994,-8.88178415259145e-16,0.999999994999901,-4.44098081836307e-24,5.00009988968487e-09
"20RV_20RV419",-0.0689569888241682,0.112407130466793,0.0382493220881436,0.0189232680052172,"Shade","bur_col",0.9999999949999,5.00009988968486e-09,-8.88178419700125e-16,1,1,1.11022302462516e-15,6.21724893790088e-15,0.999999999999994,-8.88178415259145e-16,0.999999994999901,-4.44098081836307e-24,5.00009988968487e-09
"20RV_20RV421",0.103392077037516,-0.0866625539658805,-0.0746531427829723,0.0790616737054357,"Sun","bur_col",7.00009827880876e-09,0.999999992999902,-8.88178419700125e-16,1,1,1.11022302462516e-15,6.21724893790088e-15,0.999999999999994,-6.21733622701794e-24,7.00009827880877e-09,-8.88178413482789e-16,0.999999992999903
"20RV_20RV421",-0.109687905411577,-0.0100027735504544,-0.0293075722842086,0.0664206272525049,"Shade","bur_col",7.00009827880876e-09,0.999999992999902,-8.88178419700125e-16,1,1,1.11022302462516e-15,6.21724893790088e-15,0.999999999999994,-6.21733622701794e-24,7.00009827880877e-09,-8.88178413482789e-16,0.999999992999903
"20RV_20RV428",0.196509538269129,0.301059824873509,0.0317876092957228,-0.0126982039031815,"Sun","bur_col",0.9999999929999,7.0000997220987e-09,0,1,-3.5527136788005e-15,1,0.999999999999995,4.77395900588817e-15,0,0.9999999929999,0,7.0000997220987e-09
"20RV_20RV428",0.0448252198034061,0.0629465458150445,-0.0113141087568026,-0.0270372101701292,"Shade","bur_col",0.9999999929999,7.0000997220987e-09,0,1,-3.5527136788005e-15,1,0.999999999999995,4.77395900588817e-15,0,0.9999999929999,0,7.0000997220987e-09
"20RV_20RV438",0.448925842606742,0.0603680889381923,NA,NA,"Sun","bur_col",0.9999999929999,7.0000997220987e-09,-8.88178419700125e-16,1,2.66453525910038e-15,0.999999999999997,0.999999999999995,4.77395900588817e-15,-8.88178413482788e-16,0.999999992999901,-6.21733750891691e-24,7.0000997220987e-09
"20RV_20RV438",0.149437334455488,0.0902407787072648,0.0993898722497374,0.126197986688193,"Shade","bur_col",0.9999999929999,7.0000997220987e-09,-8.88178419700125e-16,1,2.66453525910038e-15,0.999999999999997,0.999999999999995,4.77395900588817e-15,-8.88178413482788e-16,0.999999992999901,-6.21733750891691e-24,7.0000997220987e-09
"20RV_20RV440",0.592606105692832,0.131175040028353,0.00521570749111929,-0.0913812653723054,"Sun","bur_col",0.9999999949999,5.00009988968486e-09,0,1,2.66453525910038e-15,0.999999999999997,0.999999999999995,4.77395900588817e-15,0,0.9999999949999,0,5.00009988968486e-09
"20RV_20RV440",0.0626606784494039,0.114617494410042,0.159866807079681,0.0633859623809244,"Shade","bur_col",0.9999999949999,5.00009988968486e-09,0,1,2.66453525910038e-15,0.999999999999997,0.999999999999995,4.77395900588817e-15,0,0.9999999949999,0,5.00009988968486e-09
"20RV_20RV445",0.0295318429292238,-0.20727224622446,0.00140058825900182,0.0748568275335891,"Sun","bur_col",0.9999999949999,5.00009988968486e-09,0,1,2.66453525910038e-15,0.999999999999997,7.105427357601e-15,0.999999999999993,0,0.9999999949999,0,5.00009988968486e-09
"20RV_20RV445",0.026446934968953,0.102893905649309,-0.0632120754666429,0.0851708060295003,"Shade","bur_col",0.9999999949999,5.00009988968486e-09,0,1,2.66453525910038e-15,0.999999999999997,7.105427357601e-15,0.999999999999993,0,0.9999999949999,0,5.00009988968486e-09
"20RV_20RV449",-0.381128043461913,NA,-0.0672089755903198,-0.00673853565024705,"Sun","bur_col",0.805070276553916,0.194929723446084,0.999999999999996,3.5527136788005e-15,1,1.11022302462516e-15,6.57962573313853e-12,0.99999999999342,0.805070276553913,2.8601841839088e-15,0.194929723446083,6.92529494891702e-16
"20RV_20RV449",-0.0643901363251221,-0.0445537486300045,-0.0655464731453401,-0.0655840523809297,"Shade","bur_col",0.805070276553916,0.194929723446084,0.999999999999996,3.5527136788005e-15,1,1.11022302462516e-15,6.57962573313853e-12,0.99999999999342,0.805070276553913,2.8601841839088e-15,0.194929723446083,6.92529494891702e-16
"20RV_20RV455",0.120565674331034,0.0977866084175532,-0.0822717682169274,0.0179819824955493,"Sun","bur_col",7.00009827880876e-09,0.999999992999902,0,1,2.66453525910038e-15,0.999999999999997,7.105427357601e-15,0.999999999999993,0,7.00009827880876e-09,0,0.999999992999902
"20RV_20RV455",-0.107269167314609,0.17381792843752,0.0242948492747704,-0.058893559995596,"Shade","bur_col",7.00009827880876e-09,0.999999992999902,0,1,2.66453525910038e-15,0.999999999999997,7.105427357601e-15,0.999999999999993,0,7.00009827880876e-09,0,0.999999992999902
"20RV_20RV456",0.0259858525205547,-0.078476016646596,0.0557757973577577,-0.0567713709099914,"Sun","bur_col",7.00009827880876e-09,0.999999992999902,0,1,1,1.11022302462516e-15,0.999999999999995,4.77395900588817e-15,0,7.00009827880876e-09,0,0.999999992999902
"20RV_20RV456",0.0180961696496522,0.0641904215150099,0.162891985616627,0.0617859442798025,"Shade","bur_col",7.00009827880876e-09,0.999999992999902,0,1,1,1.11022302462516e-15,0.999999999999995,4.77395900588817e-15,0,7.00009827880876e-09,0,0.999999992999902
"20RV_20RV460",-0.292209415204072,-0.0924434018614112,0.0144688092675911,0.0291635593972074,"Sun","bur_col",7.00009827880876e-09,0.999999992999902,0,1,1,1.11022302462516e-15,0.999999999999995,4.77395900588817e-15,0,7.00009827880876e-09,0,0.999999992999902
"20RV_20RV460",-0.038343499588546,0.0846335676520681,0.0544006053105768,0.0521621349180706,"Shade","bur_col",7.00009827880876e-09,0.999999992999902,0,1,1,1.11022302462516e-15,0.999999999999995,4.77395900588817e-15,0,7.00009827880876e-09,0,0.999999992999902
"20RV_20RV462",0.136338774517776,-0.187465199496563,-0.0974004546624261,-0.234293083825528,"Sun","bur_col",5.0001016660417e-09,0.999999994999898,0.999999999999996,3.5527136788005e-15,2.66453525910038e-15,0.999999999999997,0.999999999999995,4.77395900588817e-15,5.00010166604168e-09,1.77639295843395e-23,0.999999994999895,3.55271366103657e-15
"20RV_20RV462",0.286147528873677,-0.0050150188362967,-0.0293815279563588,0.0638204330946063,"Shade","bur_col",5.0001016660417e-09,0.999999994999898,0.999999999999996,3.5527136788005e-15,2.66453525910038e-15,0.999999999999997,0.999999999999995,4.77395900588817e-15,5.00010166604168e-09,1.77639295843395e-23,0.999999994999895,3.55271366103657e-15
"20RV_20RV463",0.635844628026532,-0.260503470375083,NA,NA,"Sun","bur_col",7.00009827880876e-09,0.999999992999902,0.999999999999996,3.5527136788005e-15,2.66453525910038e-15,0.999999999999997,7.105427357601e-15,0.999999999999993,7.00009827880874e-09,2.48693449080717e-23,0.999999992999898,3.55271365393116e-15
"20RV_20RV463",0.178095580397213,-0.10279421587678,-0.0341699687434191,-0.0480518498653221,"Shade","bur_col",7.00009827880876e-09,0.999999992999902,0.999999999999996,3.5527136788005e-15,2.66453525910038e-15,0.999999999999997,7.105427357601e-15,0.999999999999993,7.00009827880874e-09,2.48693449080717e-23,0.999999992999898,3.55271365393116e-15
"20RV_20RV467",-0.472614438454086,0.0115208812338756,-0.00685050595247668,0.000104630342430649,"Sun","bur_col",5.0001016660417e-09,0.999999994999898,0,1,1,1.11022302462516e-15,7.105427357601e-15,0.999999999999993,0,5.0001016660417e-09,0,0.999999994999898
"20RV_20RV467",0.0707073328295513,0.0461771971214553,0.0501278588021063,0.00719310973647904,"Shade","bur_col",5.0001016660417e-09,0.999999994999898,0,1,1,1.11022302462516e-15,7.105427357601e-15,0.999999999999993,0,5.0001016660417e-09,0,0.999999994999898
"20RV_20RV473",-0.0289979370391049,-0.0809655827665164,0.0321981059574431,0.181207237244639,"Sun","bur_col",7.00009827880876e-09,0.999999992999902,0,1,1,1.11022302462516e-15,7.105427357601e-15,0.999999999999993,0,7.00009827880876e-09,0,0.999999992999902
"20RV_20RV473",-0.135880215474118,-0.0126472595445684,0.0677582528516502,-0.00840152885912183,"Shade","bur_col",7.00009827880876e-09,0.999999992999902,0,1,1,1.11022302462516e-15,7.105427357601e-15,0.999999999999993,0,7.00009827880876e-09,0,0.999999992999902
"20RV_20RV477",-0.228083537476274,-0.14277942633421,-0.0466708480218034,-0.11604142804662,"Sun","bur_col",5.0001016660417e-09,0.999999994999898,0.999999999999996,3.5527136788005e-15,2.66453525910038e-15,0.999999999999997,0.999999999999995,4.77395900588817e-15,5.00010166604168e-09,1.77639295843395e-23,0.999999994999895,3.55271366103657e-15
"20RV_20RV477",-0.0336204477872088,-0.0822717859152595,-0.15583987336631,-0.176073661537871,"Shade","bur_col",5.0001016660417e-09,0.999999994999898,0.999999999999996,3.5527136788005e-15,2.66453525910038e-15,0.999999999999997,0.999999999999995,4.77395900588817e-15,5.00010166604168e-09,1.77639295843395e-23,0.999999994999895,3.55271366103657e-15
"20RV_20RV478",0.0519016343707068,-0.120735013998163,0.00669900964299961,0.179098561024758,"Sun","bur_col",7.00009827880876e-09,0.999999992999902,0,1,1,1.11022302462516e-15,0.53276478706213,0.467235212937871,0,7.00009827880876e-09,0,0.999999992999902
"20RV_20RV478",-0.0114687898578739,-0.077787780421146,0.115232066888864,0.083563398350247,"Shade","bur_col",7.00009827880876e-09,0.999999992999902,0,1,1,1.11022302462516e-15,0.53276478706213,0.467235212937871,0,7.00009827880876e-09,0,0.999999992999902
"20RV_20RV479",0.432473396315146,NA,0.0633559691176653,-0.0412869292105324,"Sun","bur_col",0.0832817686354421,0.916718231364558,0,1,2.66453525910038e-15,0.999999999999997,7.105427357601e-15,0.999999999999993,0,0.0832817686354421,0,0.916718231364558
"20RV_20RV479",0.0386686375460101,-0.0610099406311809,-0.071176779250657,0.086758653264065,"Shade","bur_col",0.0832817686354421,0.916718231364558,0,1,2.66453525910038e-15,0.999999999999997,7.105427357601e-15,0.999999999999993,0,0.0832817686354421,0,0.916718231364558
"20RV_20RV485",0.199602395246883,-0.236414915441267,-0.11828074301172,0.135994694710977,"Sun","bur_col",5.0001016660417e-09,0.999999994999898,-8.88178419700125e-16,1,2.66453525910038e-15,0.999999999999997,0.112171540172557,0.887828459827443,-4.44098239608488e-24,5.00010166604171e-09,-8.88178415259143e-16,0.999999994999899
"20RV_20RV485",-0.00631337546189907,-0.0403315746793121,-0.0797506257515741,-0.0460674244594966,"Shade","bur_col",5.0001016660417e-09,0.999999994999898,-8.88178419700125e-16,1,2.66453525910038e-15,0.999999999999997,0.112171540172557,0.887828459827443,-4.44098239608488e-24,5.00010166604171e-09,-8.88178415259143e-16,0.999999994999899
"20RV_20RV488",-0.335728484106017,-0.409217968860098,-0.101439871894427,-0.086597057693919,"Sun","bur_col",0.9999999939999,6.00009986140293e-09,0.999999999999996,3.5527136788005e-15,1,1.11022302462516e-15,6.21724893790088e-15,0.999999999999994,0.999999993999897,3.55271365748386e-15,6.00009986140291e-09,2.13166368517752e-23
"20RV_20RV488",-0.275000245323069,-0.214408214294328,-0.128227381442728,-0.140326400142343,"Shade","bur_col",0.9999999939999,6.00009986140293e-09,0.999999999999996,3.5527136788005e-15,1,1.11022302462516e-15,6.21724893790088e-15,0.999999999999994,0.999999993999897,3.55271365748386e-15,6.00009986140291e-09,2.13166368517752e-23
"20RV_20RV489",0.125975915750079,-0.0884792034161798,-0.0805927718441012,0.0329137031084833,"Sun","bur_col",0.885680544644685,0.114319455355315,-8.88178419700125e-16,1,2.66453525910038e-15,0.999999999999997,0.999999999999995,4.77395900588817e-15,-7.86642346501662e-16,0.885680544644686,-1.01536073198463e-16,0.114319455355315
"20RV_20RV489",0.208579011674454,0.00957043114129222,0.126337239048604,0.137762101591895,"Shade","bur_col",0.885680544644685,0.114319455355315,-8.88178419700125e-16,1,2.66453525910038e-15,0.999999999999997,0.999999999999995,4.77395900588817e-15,-7.86642346501662e-16,0.885680544644686,-1.01536073198463e-16,0.114319455355315
"20RV_20RV494",-0.624131220844246,0.0672276632890166,0.0805914697249455,-0.0316201245698245,"Sun","bur_col",0.9999999929999,7.0000997220987e-09,0,1,1,1.11022302462516e-15,7.105427357601e-15,0.999999999999993,0,0.9999999929999,0,7.0000997220987e-09
"20RV_20RV494",-0.0502318874531592,-0.115351485080861,-0.0335168568813847,-0.0925240149485174,"Shade","bur_col",0.9999999929999,7.0000997220987e-09,0,1,1,1.11022302462516e-15,7.105427357601e-15,0.999999999999993,0,0.9999999929999,0,7.0000997220987e-09
"20RV_20RV497",0.223089920236242,0.220427809001261,-0.0921127196435003,0.0665932700161166,"Sun","bur_col",0.00556240104254968,0.99443759895745,-8.88178419700125e-16,1,2.66453525910038e-15,0.999999999999997,6.21724893790088e-15,0.999999999999994,-4.94040456771011e-18,0.00556240104254969,-8.83238015132415e-16,0.994437598957451
"20RV_20RV497",-0.258202808060118,0.230275932193302,0.0195838016673462,-0.0690534563278418,"Shade","bur_col",0.00556240104254968,0.99443759895745,-8.88178419700125e-16,1,2.66453525910038e-15,0.999999999999997,6.21724893790088e-15,0.999999999999994,-4.94040456771011e-18,0.00556240104254969,-8.83238015132415e-16,0.994437598957451
"20RV_20RV498",0.0819312209495873,-0.0219299565797847,0.0486161647556725,0.0923740716252526,"Sun","bur_col",7.00009827880876e-09,0.999999992999902,-8.88178419700125e-16,1,2.66453525910038e-15,0.999999999999997,0.999999999999995,4.77395900588817e-15,-6.21733622701794e-24,7.00009827880877e-09,-8.88178413482789e-16,0.999999992999903
"20RV_20RV498",0.0863147033141056,-0.0125900015382587,0.0749296483722266,0.0145616537237968,"Shade","bur_col",7.00009827880876e-09,0.999999992999902,-8.88178419700125e-16,1,2.66453525910038e-15,0.999999999999997,0.999999999999995,4.77395900588817e-15,-6.21733622701794e-24,7.00009827880877e-09,-8.88178413482789e-16,0.999999992999903
"20RV_20RV499",0.722714425939977,-0.0840542007362646,NA,NA,"Sun","bur_col",5.0001016660417e-09,0.999999994999898,0,1,3.5527136788005e-15,0.999999999999996,0.999999999999995,4.77395900588817e-15,0,5.0001016660417e-09,0,0.999999994999898
"20RV_20RV499",0.0866087857870053,-0.0160051255892369,0.0576350907979607,0.128810693624834,"Shade","bur_col",5.0001016660417e-09,0.999999994999898,0,1,3.5527136788005e-15,0.999999999999996,0.999999999999995,4.77395900588817e-15,0,5.0001016660417e-09,0,0.999999994999898
"20RV_20RV502",0.0874885227802293,0.264104612022127,0.132779493339492,0.132663322900155,"Sun","bur_col",6.00010174878207e-09,0.999999993999898,0,1,1,1.11022302462516e-15,0.999999999999995,4.77395900588817e-15,0,6.00010174878207e-09,0,0.999999993999898
"20RV_20RV502",-0.125257360311436,0.0263180158656855,-0.0254549344084679,-0.0323792061844684,"Shade","bur_col",6.00010174878207e-09,0.999999993999898,0,1,1,1.11022302462516e-15,0.999999999999995,4.77395900588817e-15,0,6.00010174878207e-09,0,0.999999993999898
"20RV_20RV504",-0.699848291306683,0.027233450027979,-0.00594456285255497,-0.067439385038766,"Sun","bur_col",0.9999999929999,7.0000997220987e-09,0,1,1,1.11022302462516e-15,0.999999999999995,4.77395900588817e-15,0,0.9999999929999,0,7.0000997220987e-09
"20RV_20RV504",0.00117922284023016,-0.0225498066156943,-0.0614923047798026,-0.0544851058093824,"Shade","bur_col",0.9999999929999,7.0000997220987e-09,0,1,1,1.11022302462516e-15,0.999999999999995,4.77395900588817e-15,0,0.9999999929999,0,7.0000997220987e-09
"20RV_20RV507",0.843271284309439,-0.105164131497275,NA,NA,"Sun","bur_col",7.00009827880876e-09,0.999999992999902,0,1,2.66453525910038e-15,0.999999999999997,7.105427357601e-15,0.999999999999993,0,7.00009827880876e-09,0,0.999999992999902
"20RV_20RV507",0.220819537163529,0.0595139750404224,0.135759964783439,0.101555322562571,"Shade","bur_col",7.00009827880876e-09,0.999999992999902,0,1,2.66453525910038e-15,0.999999999999997,7.105427357601e-15,0.999999999999993,0,7.00009827880876e-09,0,0.999999992999902
"20RV_20RV509",-0.749612657516492,0.372004628368945,0.112339339329923,-0.144001165435131,"Sun","bur_col",0.9999999929999,7.0000997220987e-09,0,1,1,1.11022302462516e-15,7.105427357601e-15,0.999999999999993,0,0.9999999929999,0,7.0000997220987e-09
"20RV_20RV509",-0.253417627755109,0.0153077771084664,-0.0208570016462067,-0.11156769628042,"Shade","bur_col",0.9999999929999,7.0000997220987e-09,0,1,1,1.11022302462516e-15,7.105427357601e-15,0.999999999999993,0,0.9999999929999,0,7.0000997220987e-09
"20RV_20RV514",0.277868219327511,-0.0055501957810574,0.108614031217701,0.144501621892367,"Sun","bur_col",5.00009811332802e-09,0.999999994999902,-8.88178419700125e-16,1,1,1.11022302462516e-15,6.21724893790088e-15,0.999999999999994,-4.44097924064126e-24,5.00009811332803e-09,-8.88178415259146e-16,0.999999994999903
"20RV_20RV514",-0.0571342071284138,-0.0546729088573348,0.0265918406603397,0.0560488303152509,"Shade","bur_col",5.00009811332802e-09,0.999999994999902,-8.88178419700125e-16,1,1,1.11022302462516e-15,6.21724893790088e-15,0.999999999999994,-4.44097924064126e-24,5.00009811332803e-09,-8.88178415259146e-16,0.999999994999903
"20RV_20RV517",-0.101307059357915,-0.36035118838705,-0.0430502716852683,0.046156432445967,"Sun","bur_col",0.9999999929999,7.0000997220987e-09,0.999999999999996,3.5527136788005e-15,1,1.11022302462516e-15,0.999999999999995,4.77395900588817e-15,0.999999992999897,3.55271365393115e-15,7.00009972209867e-09,2.48693500356676e-23
"20RV_20RV517",-0.21431813317753,-0.120557945556206,-0.118407630529059,-0.0439122655801406,"Shade","bur_col",0.9999999929999,7.0000997220987e-09,0.999999999999996,3.5527136788005e-15,1,1.11022302462516e-15,0.999999999999995,4.77395900588817e-15,0.999999992999897,3.55271365393115e-15,7.00009972209867e-09,2.48693500356676e-23
"20RV_20RV525",-0.26642772821865,0.090145787126848,-0.0260063179095845,0.0419144107522549,"Sun","bur_col",5.00009811332802e-09,0.999999994999902,0,1,1,1.11022302462516e-15,7.105427357601e-15,0.999999999999993,0,5.00009811332802e-09,0,0.999999994999902
"20RV_20RV525",-0.2689071224914,0.0393255652219161,-0.0384140541907091,-0.0637101976359044,"Shade","bur_col",5.00009811332802e-09,0.999999994999902,0,1,1,1.11022302462516e-15,7.105427357601e-15,0.999999999999993,0,5.00009811332802e-09,0,0.999999994999902
"20RV_20RV530",0.0741883107126226,-0.0149968387308113,0.0378303742730283,0.0142379247310725,"Sun","bur_col",5.00009811332802e-09,0.999999994999902,-8.88178419700125e-16,1,1,1.11022302462516e-15,0.999999999999995,4.77395900588817e-15,-4.44097924064126e-24,5.00009811332803e-09,-8.88178415259146e-16,0.999999994999903
"20RV_20RV530",-0.076675607512068,0.114279036232052,0.0671674908484397,0.00881375295758443,"Shade","bur_col",5.00009811332802e-09,0.999999994999902,-8.88178419700125e-16,1,1,1.11022302462516e-15,0.999999999999995,4.77395900588817e-15,-4.44097924064126e-24,5.00009811332803e-09,-8.88178415259146e-16,0.999999994999903
"20RV_20RV534",-0.0978217541069461,0.348700946854062,0.136313289330559,0.112465607928616,"Sun","bur_col",0.114319455355317,0.885680544644683,-8.88178419700125e-16,1,2.66453525910038e-15,0.999999999999997,0.999999999999995,4.77395900588817e-15,-1.01536073198465e-16,0.114319455355317,-7.86642346501661e-16,0.885680544644684
"20RV_20RV534",-0.135182559440742,0.145172855088989,-0.0676210000972891,-0.0716826450873063,"Shade","bur_col",0.114319455355317,0.885680544644683,-8.88178419700125e-16,1,2.66453525910038e-15,0.999999999999997,0.999999999999995,4.77395900588817e-15,-1.01536073198465e-16,0.114319455355317,-7.86642346501661e-16,0.885680544644684
