"geno","bd","h3_h1","i_dry","r_dry","treatment","pop","A4","B4","A5","B5","A42","B42","AA","AB","BA","BB"
"13RV_13RV001",-0.86127423081971,-0.11692800791735,0.0318834963083679,-0.603348144099371,"Sun","sha_col",0.999999999999996,4.32986979603811e-15,3.53921336682106e-11,0.999999999964608,0.999999999993815,6.18471940327936e-12,3.53921336682104e-11,0.999999999964604,1.53243330587329e-25,4.32986979588487e-15
"13RV_13RV001",-0.597175804073999,-0.056149388322922,-0.161957357259102,-0.692209063843913,"Shade","sha_col",0.999999999999996,4.32986979603811e-15,3.53921336682106e-11,0.999999999964608,0.999999999993815,6.18471940327936e-12,3.53921336682104e-11,0.999999999964604,1.53243330587329e-25,4.32986979588487e-15
"13RV_13RV002",1.52296077676537,0.255551212983289,-0.0777565497226546,1.27319573532713,"Sun","sha_col",6.21724893790088e-15,0.999999999999994,3.53921336682106e-11,0.999999999964608,6.21724893790088e-15,0.999999999999994,2.20041705458728e-25,6.21724893768084e-15,3.53921336682104e-11,0.999999999964602
"13RV_13RV002",1.2892306358158,0.602111743050914,0.507748012674606,1.15124488127362,"Shade","sha_col",6.21724893790088e-15,0.999999999999994,3.53921336682106e-11,0.999999999964608,6.21724893790088e-15,0.999999999999994,2.20041705458728e-25,6.21724893768084e-15,3.53921336682104e-11,0.999999999964602
"13RV_13RV003",-0.292818857836902,-0.21027112874603,-0.00789891312899407,-0.114034735715897,"Sun","sha_col",0.999999999999996,4.32986979603811e-15,3.53921336682106e-11,0.999999999964608,1.06581410364015e-14,0.999999999999989,3.53921336682104e-11,0.999999999964604,1.53243330587329e-25,4.32986979588487e-15
"13RV_13RV003",0.128433816509319,-0.155815660788547,-0.1409227342253,-0.54724623397429,"Shade","sha_col",0.999999999999996,4.32986979603811e-15,3.53921336682106e-11,0.999999999964608,1.06581410364015e-14,0.999999999999989,3.53921336682104e-11,0.999999999964604,1.53243330587329e-25,4.32986979588487e-15
"13RV_13RV004",0.837980136541423,-0.613523770738711,-0.145111836777655,0.274714044670583,"Sun","sha_col",0.911877687456323,0.0881223125436773,0.999999999964606,3.53937990027475e-11,0.999999999999996,3.77475828372553e-15,0.911877687424048,3.22748155849193e-11,0.0881223125405583,3.11898341782821e-12
"13RV_13RV004",0.760292367474946,0.115872303314239,0.37336314298396,0.889405857975592,"Shade","sha_col",0.911877687456323,0.0881223125436773,0.999999999964606,3.53937990027475e-11,0.999999999999996,3.77475828372553e-15,0.911877687424048,3.22748155849193e-11,0.0881223125405583,3.11898341782821e-12
"13RV_13RV007",1.04555830939043,-0.0340895648954887,0.148323110412543,0.973710512730331,"Sun","sha_col",6.21724893790088e-15,0.999999999999994,3.53921336682106e-11,0.999999999964608,6.21724893790088e-15,0.999999999999994,2.20041705458728e-25,6.21724893768084e-15,3.53921336682104e-11,0.999999999964602
"13RV_13RV007",0.911026858741541,0.158434239136538,0.460613375009309,0.866350832850512,"Shade","sha_col",6.21724893790088e-15,0.999999999999994,3.53921336682106e-11,0.999999999964608,6.21724893790088e-15,0.999999999999994,2.20041705458728e-25,6.21724893768084e-15,3.53921336682104e-11,0.999999999964602
"13RV_13RV011",-0.105855985877085,0.467333548056957,-0.00863122824553163,-0.376576480005645,"Sun","sha_col",0.999999999999996,4.32986979603811e-15,3.53921336682106e-11,0.999999999964608,6.21724893790088e-15,0.999999999999994,3.53921336682104e-11,0.999999999964604,1.53243330587329e-25,4.32986979588487e-15
"13RV_13RV011",-0.601836678481638,-0.150407703598566,-0.286133792307351,-0.591816635054102,"Shade","sha_col",0.999999999999996,4.32986979603811e-15,3.53921336682106e-11,0.999999999964608,6.21724893790088e-15,0.999999999999994,3.53921336682104e-11,0.999999999964604,1.53243330587329e-25,4.32986979588487e-15
"13RV_13RV013",-0.196863890421284,-0.327093626425811,-0.148897598434313,0.223594319879522,"Sun","sha_col",0.999999999999996,4.32986979603811e-15,3.53921336682106e-11,0.999999999964608,6.21724893790088e-15,0.999999999999994,3.53921336682104e-11,0.999999999964604,1.53243330587329e-25,4.32986979588487e-15
"13RV_13RV013",-0.528587602068725,-0.148434729590127,-0.109114995573929,-0.231255814399165,"Shade","sha_col",0.999999999999996,4.32986979603811e-15,3.53921336682106e-11,0.999999999964608,6.21724893790088e-15,0.999999999999994,3.53921336682104e-11,0.999999999964604,1.53243330587329e-25,4.32986979588487e-15
"13RV_13RV015",-0.817932897442329,-0.0775004037104911,0.0188201422894679,-0.476605930402833,"Sun","sha_col",0.999999999999996,4.32986979603811e-15,3.53921336682106e-11,0.999999999964608,7.105427357601e-15,0.999999999999993,3.53921336682104e-11,0.999999999964604,1.53243330587329e-25,4.32986979588487e-15
"13RV_13RV015",-1.07189590199001,-0.265295035491693,-0.351064252640924,-0.667098296314119,"Shade","sha_col",0.999999999999996,4.32986979603811e-15,3.53921336682106e-11,0.999999999964608,7.105427357601e-15,0.999999999999993,3.53921336682104e-11,0.999999999964604,1.53243330587329e-25,4.32986979588487e-15
"13RV_13RV019",-0.515099179221717,0.0962721107360961,0.0488768007354674,-0.150372512132289,"Sun","sha_col",0.999999999999996,4.32986979603811e-15,3.53921336682106e-11,0.999999999964608,7.105427357601e-15,0.999999999999993,3.53921336682104e-11,0.999999999964604,1.53243330587329e-25,4.32986979588487e-15
"13RV_13RV019",-0.724732594317345,-0.252258930896069,0.00859162757205082,-0.708472095222758,"Shade","sha_col",0.999999999999996,4.32986979603811e-15,3.53921336682106e-11,0.999999999964608,7.105427357601e-15,0.999999999999993,3.53921336682104e-11,0.999999999964604,1.53243330587329e-25,4.32986979588487e-15
"13RV_13RV023",0.800344894979448,0.0269578812182366,0.101235138607459,0.823956684813082,"Sun","sha_col",6.21724893790088e-15,0.999999999999994,0.581190852099998,0.418809147900002,6.21724893790088e-15,0.999999999999994,3.61340820793642e-15,2.60384072996446e-15,0.581190852099994,0.4188091479
"13RV_13RV023",0.902267666718875,0.108166848465707,0.561046627127243,1.03217213374811,"Shade","sha_col",6.21724893790088e-15,0.999999999999994,0.581190852099998,0.418809147900002,6.21724893790088e-15,0.999999999999994,3.61340820793642e-15,2.60384072996446e-15,0.581190852099994,0.4188091479
"13RV_13RV028",1.11799830048502,-0.0612266028634757,-0.142036107865279,1.47770916864411,"Sun","sha_col",6.21724893790088e-15,0.999999999999994,3.53921336682106e-11,0.999999999964608,6.21724893790088e-15,0.999999999999994,2.20041705458728e-25,6.21724893768084e-15,3.53921336682104e-11,0.999999999964602
"13RV_13RV028",1.29592435623681,0.571920626967798,0.505574447439109,1.39564002675039,"Shade","sha_col",6.21724893790088e-15,0.999999999999994,3.53921336682106e-11,0.999999999964608,6.21724893790088e-15,0.999999999999994,2.20041705458728e-25,6.21724893768084e-15,3.53921336682104e-11,0.999999999964602
"13RV_13RV029",1.36365305620004,-0.50192147311014,-0.10754726106018,1.2902897272931,"Sun","sha_col",6.21724893790088e-15,0.999999999999994,3.53921336682106e-11,0.999999999964608,6.21724893790088e-15,0.999999999999994,2.20041705458728e-25,6.21724893768084e-15,3.53921336682104e-11,0.999999999964602
"13RV_13RV029",1.14182382398763,-0.193343781480354,0.326717923400001,1.4817463849614,"Shade","sha_col",6.21724893790088e-15,0.999999999999994,3.53921336682106e-11,0.999999999964608,6.21724893790088e-15,0.999999999999994,2.20041705458728e-25,6.21724893768084e-15,3.53921336682104e-11,0.999999999964602
"13RV_13RV030",0.828637592562893,-0.404495019058714,0.0575165452901262,0.859964856723573,"Sun","sha_col",6.21724893790088e-15,0.999999999999994,0.98898865900238,0.0110113409976197,6.21724893790088e-15,0.999999999999994,6.14878868977856e-15,6.84602481223154e-17,0.988988659002374,0.0110113409976196
"13RV_13RV030",0.904227425390576,-0.27417427120569,0.479134700235831,1.04936945033982,"Shade","sha_col",6.21724893790088e-15,0.999999999999994,0.98898865900238,0.0110113409976197,6.21724893790088e-15,0.999999999999994,6.14878868977856e-15,6.84602481223154e-17,0.988988659002374,0.0110113409976196
"13RV_13RV031",-1.01383752876868,0.417726650738351,-0.0224866413242796,-0.958943686013911,"Sun","sha_col",0.999999999999996,4.32986979603811e-15,3.53921336682106e-11,0.999999999964608,0.999999999999996,3.77475828372553e-15,3.53921336682104e-11,0.999999999964604,1.53243330587329e-25,4.32986979588487e-15
"13RV_13RV031",-0.938412891752249,0.238663674923887,-0.156099929989515,-0.884877923671195,"Shade","sha_col",0.999999999999996,4.32986979603811e-15,3.53921336682106e-11,0.999999999964608,0.999999999999996,3.77475828372553e-15,3.53921336682104e-11,0.999999999964604,1.53243330587329e-25,4.32986979588487e-15
"13RV_13RV034",0.0158244497404311,0.104931705726975,-0.000978601460553029,0.0255815237107912,"Sun","sha_col",7.105427357601e-15,0.999999999999993,0.999999999964606,3.53937990027475e-11,0.999999999999996,3.77475828372553e-15,7.10542735734951e-15,2.51488067723553e-25,0.999999999964599,3.53937990027473e-11
"13RV_13RV034",0.149154205600935,0.0350222223289286,0.153039731229127,-0.138977182616265,"Shade","sha_col",7.105427357601e-15,0.999999999999993,0.999999999964606,3.53937990027475e-11,0.999999999999996,3.77475828372553e-15,7.10542735734951e-15,2.51488067723553e-25,0.999999999964599,3.53937990027473e-11
"13RV_13RV036",0.491934389128701,-0.213005290147694,-0.197245217359444,0.0340927525937859,"Sun","sha_col",0.999999999999996,4.32986979603811e-15,0.564106831443892,0.435893168556108,0.518394638959539,0.481605361040461,0.56410683144389,0.435893168556106,2.44250913120767e-15,1.88736066483044e-15
"13RV_13RV036",0.735993943953159,0.230548661923778,0.261296549292571,0.11082990470479,"Shade","sha_col",0.999999999999996,4.32986979603811e-15,0.564106831443892,0.435893168556108,0.518394638959539,0.481605361040461,0.56410683144389,0.435893168556106,2.44250913120767e-15,1.88736066483044e-15
"13RV_13RV038",-0.656184454375056,0.438260088517147,-0.139639819263193,-0.459662714281477,"Sun","sha_col",0.921406296342446,0.0785937036575544,3.53921336682106e-11,0.999999999964608,6.21724893790088e-15,0.999999999999994,3.26105348028827e-11,0.921406296309835,2.7815988653279e-12,0.0785937036547728
"13RV_13RV038",-0.354107745590198,0.444498659512001,-0.0431559388008406,-0.443591808998703,"Shade","sha_col",0.921406296342446,0.0785937036575544,3.53921336682106e-11,0.999999999964608,6.21724893790088e-15,0.999999999999994,3.26105348028827e-11,0.921406296309835,2.7815988653279e-12,0.0785937036547728
"13RV_13RV039",0.288970432029826,0.0349645473476038,0.105233426725933,0.578857263807486,"Sun","sha_col",6.21724893790088e-15,0.999999999999994,0.435893168556106,0.564106831443894,6.21724893790088e-15,0.999999999999994,2.7100563392437e-15,3.50719259865718e-15,0.435893168556103,0.564106831443891
"13RV_13RV039",0.345051226719313,0.197205578833423,0.0970718231310044,0.536242772729447,"Shade","sha_col",6.21724893790088e-15,0.999999999999994,0.435893168556106,0.564106831443894,6.21724893790088e-15,0.999999999999994,2.7100563392437e-15,3.50719259865718e-15,0.435893168556103,0.564106831443891
"13RV_13RV041",-0.272263883843921,0.138226281713247,0.0455686340955333,-0.144782958786004,"Sun","sha_col",0.999999999999996,4.32986979603811e-15,3.53921336682106e-11,0.999999999964608,0.999999999999996,3.77475828372553e-15,3.53921336682104e-11,0.999999999964604,1.53243330587329e-25,4.32986979588487e-15
"13RV_13RV041",-0.26384840802357,-0.028369852157429,-0.044541831596929,-0.303200850192312,"Shade","sha_col",0.999999999999996,4.32986979603811e-15,3.53921336682106e-11,0.999999999964608,0.999999999999996,3.77475828372553e-15,3.53921336682104e-11,0.999999999964604,1.53243330587329e-25,4.32986979588487e-15
"13RV_13RV048",-0.905582135233497,-0.371334903837962,-0.113178651848689,-0.232949742211472,"Sun","sha_col",0.999999999999996,4.32986979603811e-15,0.50296697818164,0.49703302181836,0.999999999993815,6.18471940327936e-12,0.502966978181638,0.497033021818358,2.17778152723324e-15,2.15208826880487e-15
"13RV_13RV048",-0.698390036762541,-0.194982917342363,-0.156166370039179,-0.267730718408435,"Shade","sha_col",0.999999999999996,4.32986979603811e-15,0.50296697818164,0.49703302181836,0.999999999993815,6.18471940327936e-12,0.502966978181638,0.497033021818358,2.17778152723324e-15,2.15208826880487e-15
"13RV_13RV051",0.843252473999531,0.319035087725365,0.194831985119796,0.993405761378932,"Sun","sha_col",7.105427357601e-15,0.999999999999993,0.497033021818365,0.502966978181635,0.518394638959538,0.481605361040462,3.53163203085931e-15,3.5737953267417e-15,0.497033021818361,0.502966978181632
"13RV_13RV051",1.15674510585684,0.254163979411343,0.444873583245904,1.45165474751886,"Shade","sha_col",7.105427357601e-15,0.999999999999993,0.497033021818365,0.502966978181635,0.518394638959538,0.481605361040462,3.53163203085931e-15,3.5737953267417e-15,0.497033021818361,0.502966978181632
"13RV_13RV056",1.72587148214726,NA,0.0888817495613585,0.0347649991134987,"Sun","sha_col",6.21724893790088e-15,0.999999999999994,0.999999999964606,3.53937990027475e-11,6.21724893790088e-15,0.999999999999994,6.21724893768083e-15,2.20052059258109e-25,0.9999999999646,3.53937990027473e-11
"13RV_13RV056",1.57191637308827,-0.123374849657208,-0.356105713021412,1.7190051045265,"Shade","sha_col",6.21724893790088e-15,0.999999999999994,0.999999999964606,3.53937990027475e-11,6.21724893790088e-15,0.999999999999994,6.21724893768083e-15,2.20052059258109e-25,0.9999999999646,3.53937990027473e-11
"13RV_13RV058",0.420394034528471,0.344083800140198,-0.0204381536733611,0.6001293734011,"Sun","sha_col",0.999999999999996,4.32986979603811e-15,3.53921336682106e-11,0.999999999964608,6.21724893790088e-15,0.999999999999994,3.53921336682104e-11,0.999999999964604,1.53243330587329e-25,4.32986979588487e-15
"13RV_13RV058",0.6453702548162,0.442780770974106,0.158511873141354,0.598623655638496,"Shade","sha_col",0.999999999999996,4.32986979603811e-15,3.53921336682106e-11,0.999999999964608,6.21724893790088e-15,0.999999999999994,3.53921336682104e-11,0.999999999964604,1.53243330587329e-25,4.32986979588487e-15
"13RV_13RV059",1.31338840342326,-0.918380327100921,0.0221079754430253,1.41748629152685,"Sun","sha_col",6.21724893790088e-15,0.999999999999994,0.999999999964606,3.53937990027475e-11,0.999999999999996,3.77475828372553e-15,6.21724893768083e-15,2.20052059258109e-25,0.9999999999646,3.53937990027473e-11
"13RV_13RV059",0.636009792834083,-0.164981018606618,0.200400482460791,0.563550602884773,"Shade","sha_col",6.21724893790088e-15,0.999999999999994,0.999999999964606,3.53937990027475e-11,0.999999999999996,3.77475828372553e-15,6.21724893768083e-15,2.20052059258109e-25,0.9999999999646,3.53937990027473e-11
"13RV_13RV064",1.27488784085375,-0.449017745663044,0.0611095189097994,0.888973618478359,"Sun","sha_col",1.77635683940025e-14,0.999999999999982,0.999999999964606,3.53937990027475e-11,0.999999999999996,3.77475828372553e-15,1.77635683933738e-14,6.28720169308883e-25,0.999999999964589,3.53937990027469e-11
"13RV_13RV064",1.07371954995722,-0.196914488861161,0.119653925602652,0.207930116383277,"Shade","sha_col",1.77635683940025e-14,0.999999999999982,0.999999999964606,3.53937990027475e-11,0.999999999999996,3.77475828372553e-15,1.77635683933738e-14,6.28720169308883e-25,0.999999999964589,3.53937990027469e-11
"13RV_13RV067",0.290452104026704,0.526580699193672,0.11499579520789,0.219660779294399,"Sun","sha_col",6.21724893790088e-15,0.999999999999994,3.53921336682106e-11,0.999999999964608,0.999999999999996,3.77475828372553e-15,2.20041705458728e-25,6.21724893768084e-15,3.53921336682104e-11,0.999999999964602
"13RV_13RV067",-0.108274863650812,0.258547347877878,0.0992009688392604,0.136922827988717,"Shade","sha_col",6.21724893790088e-15,0.999999999999994,3.53921336682106e-11,0.999999999964608,0.999999999999996,3.77475828372553e-15,2.20041705458728e-25,6.21724893768084e-15,3.53921336682104e-11,0.999999999964602
"13RV_13RV071",-0.255557039567827,-0.725350058764986,-0.020779772198036,0.0819787079738155,"Sun","sha_col",6.21724893790088e-15,0.999999999999994,3.53921336682106e-11,0.999999999964608,0.999999999999996,3.77475828372553e-15,2.20041705458728e-25,6.21724893768084e-15,3.53921336682104e-11,0.999999999964602
"13RV_13RV071",-0.377042234865687,-0.339087633073729,0.028035108344801,0.037995214547333,"Shade","sha_col",6.21724893790088e-15,0.999999999999994,3.53921336682106e-11,0.999999999964608,0.999999999999996,3.77475828372553e-15,2.20041705458728e-25,6.21724893768084e-15,3.53921336682104e-11,0.999999999964602
"13RV_13RV072",-0.366893375063358,-0.348165195974846,-0.104827163715421,-0.0740141691425766,"Sun","sha_col",0.885313077876381,0.114686922123619,0.999999999964606,3.53937990027475e-11,0.999999999999996,3.77475828372553e-15,0.885313077845047,3.13345931328604e-11,0.114686922119559,4.05920586988712e-12
"13RV_13RV072",-0.461678852056063,-0.466392363151261,-0.467849936565805,-0.63562417552214,"Shade","sha_col",0.885313077876381,0.114686922123619,0.999999999964606,3.53937990027475e-11,0.999999999999996,3.77475828372553e-15,0.885313077845047,3.13345931328604e-11,0.114686922119559,4.05920586988712e-12
"13RV_13RV078",-0.562020028631451,-0.163849933503629,-0.0415843294871308,-0.449948431557931,"Sun","sha_col",0.999999999999996,4.32986979603811e-15,3.53921336682106e-11,0.999999999964608,0.999999999999996,3.77475828372553e-15,3.53921336682104e-11,0.999999999964604,1.53243330587329e-25,4.32986979588487e-15
"13RV_13RV078",-0.689225417577925,-0.0831054449078919,-0.0942660271638318,-0.502195617540221,"Shade","sha_col",0.999999999999996,4.32986979603811e-15,3.53921336682106e-11,0.999999999964608,0.999999999999996,3.77475828372553e-15,3.53921336682104e-11,0.999999999964604,1.53243330587329e-25,4.32986979588487e-15
"13RV_13RV079",-0.896018180489182,-0.195831295136587,-0.0974125589064493,-0.189798354547961,"Sun","sha_col",6.21724893790088e-15,0.999999999999994,3.53921336682106e-11,0.999999999964608,0.999999999999996,3.77475828372553e-15,2.20041705458728e-25,6.21724893768084e-15,3.53921336682104e-11,0.999999999964602
"13RV_13RV079",-0.757067276741305,-0.114546426193952,-0.323072306852842,-0.620402892519779,"Shade","sha_col",6.21724893790088e-15,0.999999999999994,3.53921336682106e-11,0.999999999964608,0.999999999999996,3.77475828372553e-15,2.20041705458728e-25,6.21724893768084e-15,3.53921336682104e-11,0.999999999964602
"13RV_13RV080",-0.871096476889269,-0.214050498521623,-0.258639823780682,-0.502122154540713,"Sun","sha_col",0.999999999999996,4.32986979603811e-15,3.53921336682106e-11,0.999999999964608,0.999999999999996,3.77475828372553e-15,3.53921336682104e-11,0.999999999964604,1.53243330587329e-25,4.32986979588487e-15
"13RV_13RV080",-1.11747832427976,-0.161661897368119,-0.140952004763014,-0.700097667989415,"Shade","sha_col",0.999999999999996,4.32986979603811e-15,3.53921336682106e-11,0.999999999964608,0.999999999999996,3.77475828372553e-15,3.53921336682104e-11,0.999999999964604,1.53243330587329e-25,4.32986979588487e-15
"13RV_13RV081",-1.59600988036923,0.107029697244627,-0.231980531553835,-1.49302191288729,"Sun","sha_col",0.999999999999996,4.32986979603811e-15,3.53921336682106e-11,0.999999999964608,0.999999999999996,3.77475828372553e-15,3.53921336682104e-11,0.999999999964604,1.53243330587329e-25,4.32986979588487e-15
"13RV_13RV081",-1.61781654937965,-0.0642786166321495,-0.282695353592193,-1.19573213608884,"Shade","sha_col",0.999999999999996,4.32986979603811e-15,3.53921336682106e-11,0.999999999964608,0.999999999999996,3.77475828372553e-15,3.53921336682104e-11,0.999999999964604,1.53243330587329e-25,4.32986979588487e-15
"13RV_13RV085",-0.826645087796083,0.444853093919963,0.0204348989964033,-0.499260178956343,"Sun","sha_col",0.999999999999996,4.32986979603811e-15,3.53921336682106e-11,0.999999999964608,6.21724893790088e-15,0.999999999999994,3.53921336682104e-11,0.999999999964604,1.53243330587329e-25,4.32986979588487e-15
"13RV_13RV085",-0.871608305235278,0.19644597924675,0.184780802194168,-0.33712148217376,"Shade","sha_col",0.999999999999996,4.32986979603811e-15,3.53921336682106e-11,0.999999999964608,6.21724893790088e-15,0.999999999999994,3.53921336682104e-11,0.999999999964604,1.53243330587329e-25,4.32986979588487e-15
"13RV_13RV089",1.41696424265863,-0.856053299328054,0.0153323124547579,1.89879736028824,"Sun","sha_col",6.21724893790088e-15,0.999999999999994,0.999999999964606,3.53937990027475e-11,0.0423678990271306,0.957632100972869,6.21724893768083e-15,2.20052059258109e-25,0.9999999999646,3.53937990027473e-11
"13RV_13RV089",1.09679342807852,-0.0405427424397618,0.356784763985739,1.3007029729385,"Shade","sha_col",6.21724893790088e-15,0.999999999999994,0.999999999964606,3.53937990027475e-11,0.0423678990271306,0.957632100972869,6.21724893768083e-15,2.20052059258109e-25,0.9999999999646,3.53937990027473e-11
"13RV_13RV098",-0.258152808829123,0.299910829434982,0.103836740852596,-0.130898716954132,"Sun","sha_col",7.105427357601e-15,0.999999999999993,3.53921336682106e-11,0.999999999964608,7.105427357601e-15,0.999999999999993,2.51476234809975e-25,7.10542735734953e-15,3.53921336682103e-11,0.999999999964601
"13RV_13RV098",-0.323331190876924,0.0183997263398893,-0.0344813329363296,-0.481405840951205,"Shade","sha_col",7.105427357601e-15,0.999999999999993,3.53921336682106e-11,0.999999999964608,7.105427357601e-15,0.999999999999993,2.51476234809975e-25,7.10542735734953e-15,3.53921336682103e-11,0.999999999964601
"13RV_13RV100",-1.15828791543494,0.0987188193027614,-0.331813527152802,-1.62438114196109,"Sun","sha_col",0.999999999999996,4.32986979603811e-15,0.497033021818364,0.502966978181636,0.999999999999996,3.77475828372553e-15,0.497033021818362,0.502966978181633,2.15208826880489e-15,2.17778152723322e-15
"13RV_13RV100",-1.32535232235301,0.057579200754012,-0.618493328594062,-1.06729978795775,"Shade","sha_col",0.999999999999996,4.32986979603811e-15,0.497033021818364,0.502966978181636,0.999999999999996,3.77475828372553e-15,0.497033021818362,0.502966978181633,2.15208826880489e-15,2.17778152723322e-15
"13RV_13RV107",0.613487343352048,0.278870945848589,-0.0616863963686678,0.456010743497823,"Sun","sha_col",7.105427357601e-15,0.999999999999993,0.999999999964606,3.53937990027475e-11,0.999999999993815,6.18471940327936e-12,7.10542735734951e-15,2.51488067723553e-25,0.999999999964599,3.53937990027473e-11
"13RV_13RV107",0.788249956432866,0.252214847550381,0.409261446118671,0.934205695056227,"Shade","sha_col",7.105427357601e-15,0.999999999999993,0.999999999964606,3.53937990027475e-11,0.999999999993815,6.18471940327936e-12,7.10542735734951e-15,2.51488067723553e-25,0.999999999964599,3.53937990027473e-11
"13RV_13RV116",-0.151841484840205,0.0995456788091749,-0.107800079428116,-0.437581727236954,"Sun","sha_col",0.999999999999996,4.32986979603811e-15,0.999999999964606,3.53937990027475e-11,6.21724893790088e-15,0.999999999999994,0.999999999964602,3.53937990027474e-11,4.32986979588486e-15,1.5325054126904e-25
"13RV_13RV116",-0.232946426773859,0.000660347058316236,-0.174950942831833,-0.590314529411714,"Shade","sha_col",0.999999999999996,4.32986979603811e-15,0.999999999964606,3.53937990027475e-11,6.21724893790088e-15,0.999999999999994,0.999999999964602,3.53937990027474e-11,4.32986979588486e-15,1.5325054126904e-25
"13RV_13RV121",1.298300516164,-1.04786977409343,-0.102456250572377,1.15361149601358,"Sun","sha_col",6.21724893790088e-15,0.999999999999994,0.999999999964606,3.53937990027475e-11,6.21724893790088e-15,0.999999999999994,6.21724893768083e-15,2.20052059258109e-25,0.9999999999646,3.53937990027473e-11
"13RV_13RV121",1.23438296125638,-0.765376614969667,0.130019230395493,1.40294457139141,"Shade","sha_col",6.21724893790088e-15,0.999999999999994,0.999999999964606,3.53937990027475e-11,6.21724893790088e-15,0.999999999999994,6.21724893768083e-15,2.20052059258109e-25,0.9999999999646,3.53937990027473e-11
"13RV_13RV124",-1.46261776021681,-0.103693964804805,-0.272323369129087,-0.832540253754405,"Sun","sha_col",0.999999999999996,4.32986979603811e-15,3.53921336682106e-11,0.999999999964608,0.999999999999996,3.77475828372553e-15,3.53921336682104e-11,0.999999999964604,1.53243330587329e-25,4.32986979588487e-15
"13RV_13RV124",-1.3158683431936,-0.0669678332361109,-0.465572491770726,-0.78834072896838,"Shade","sha_col",0.999999999999996,4.32986979603811e-15,3.53921336682106e-11,0.999999999964608,0.999999999999996,3.77475828372553e-15,3.53921336682104e-11,0.999999999964604,1.53243330587329e-25,4.32986979588487e-15
"13RV_13RV132",1.39486127313527,-1.20598373244518,-0.108180759044626,0.946193687972397,"Sun","sha_col",6.21724893790088e-15,0.999999999999994,0.999999999964606,3.53937990027475e-11,0.999999999999996,3.77475828372553e-15,6.21724893768083e-15,2.20052059258109e-25,0.9999999999646,3.53937990027473e-11
"13RV_13RV132",1.36444734618289,-0.403136375263456,0.538741561121908,1.86367034525382,"Shade","sha_col",6.21724893790088e-15,0.999999999999994,0.999999999964606,3.53937990027475e-11,0.999999999999996,3.77475828372553e-15,6.21724893768083e-15,2.20052059258109e-25,0.9999999999646,3.53937990027473e-11
"13RV_13RV136",-1.17214055497271,0.497102878558119,-0.0641585237681363,-0.665039225202433,"Sun","sha_col",0.999999999999996,4.32986979603811e-15,0.997608745260058,0.00239125473994173,0.999999999999996,3.77475828372553e-15,0.997608745260054,0.00239125473994172,4.319515974365e-15,1.03538216731067e-17
"13RV_13RV136",-0.684304716085003,0.362305376353997,-0.15821598939548,-0.668685023625465,"Shade","sha_col",0.999999999999996,4.32986979603811e-15,0.997608745260058,0.00239125473994173,0.999999999999996,3.77475828372553e-15,0.997608745260054,0.00239125473994172,4.319515974365e-15,1.03538216731067e-17
"13RV_13RV137",0.112988985470741,0.779956582280793,0.110027552011035,-0.144891036594964,"Sun","sha_col",0.999999999999996,4.32986979603811e-15,3.53921336682106e-11,0.999999999964608,0.999999999999996,3.77475828372553e-15,3.53921336682104e-11,0.999999999964604,1.53243330587329e-25,4.32986979588487e-15
"13RV_13RV137",0.175575274468876,0.364051628718463,0.0349096255473458,-0.734019982823967,"Shade","sha_col",0.999999999999996,4.32986979603811e-15,3.53921336682106e-11,0.999999999964608,0.999999999999996,3.77475828372553e-15,3.53921336682104e-11,0.999999999964604,1.53243330587329e-25,4.32986979588487e-15
"13RV_13RV139",0.709549001203868,-0.0122542929483398,-0.113301548403348,0.816846522026242,"Sun","sha_col",0.999999999999996,4.32986979603811e-15,3.53921336682106e-11,0.999999999964608,7.105427357601e-15,0.999999999999993,3.53921336682104e-11,0.999999999964604,1.53243330587329e-25,4.32986979588487e-15
"13RV_13RV139",0.439063896170303,-0.0282352954805765,0.121148456625584,0.980270419909624,"Shade","sha_col",0.999999999999996,4.32986979603811e-15,3.53921336682106e-11,0.999999999964608,7.105427357601e-15,0.999999999999993,3.53921336682104e-11,0.999999999964604,1.53243330587329e-25,4.32986979588487e-15
"13RV_13RV140",-0.400281344825626,-0.0141994430200655,-0.198885151610421,-0.561744387478941,"Sun","sha_col",0.999999999999996,4.32986979603811e-15,0.999999999964606,3.53937990027475e-11,0.999999999999996,3.77475828372553e-15,0.999999999964602,3.53937990027474e-11,4.32986979588486e-15,1.5325054126904e-25
"13RV_13RV140",-0.0245471497838418,0.0981612434350327,0.0691356727414552,-0.451708845162562,"Shade","sha_col",0.999999999999996,4.32986979603811e-15,0.999999999964606,3.53937990027475e-11,0.999999999999996,3.77475828372553e-15,0.999999999964602,3.53937990027474e-11,4.32986979588486e-15,1.5325054126904e-25
"13RV_13RV141",0.267327866597367,0.220523038179183,-0.0742523006629596,0.362704493748973,"Sun","sha_col",7.105427357601e-15,0.999999999999993,3.53921336682106e-11,0.999999999964608,0.999999999999996,3.77475828372553e-15,2.51476234809975e-25,7.10542735734953e-15,3.53921336682103e-11,0.999999999964601
"13RV_13RV141",0.459649921785084,0.0643330166807555,0.0984427226977501,0.459290673985821,"Shade","sha_col",7.105427357601e-15,0.999999999999993,3.53921336682106e-11,0.999999999964608,0.999999999999996,3.77475828372553e-15,2.51476234809975e-25,7.10542735734953e-15,3.53921336682103e-11,0.999999999964601
"13RV_13RV144",-0.889858919134498,0.536461399234114,0.0524629376540741,-0.457428889570681,"Sun","sha_col",0.999999999999996,4.32986979603811e-15,3.53921336682106e-11,0.999999999964608,6.21724893790088e-15,0.999999999999994,3.53921336682104e-11,0.999999999964604,1.53243330587329e-25,4.32986979588487e-15
"13RV_13RV144",-1.08594018387291,0.226447957509078,-0.309664617737589,-0.877077973620693,"Shade","sha_col",0.999999999999996,4.32986979603811e-15,3.53921336682106e-11,0.999999999964608,6.21724893790088e-15,0.999999999999994,3.53921336682104e-11,0.999999999964604,1.53243330587329e-25,4.32986979588487e-15
"13RV_13RV146",-0.726534546535386,-0.02226225802471,0.085424585354495,-0.638615980179179,"Sun","sha_col",6.21724893790088e-15,0.999999999999994,3.53921336682106e-11,0.999999999964608,6.21724893790088e-15,0.999999999999994,2.20041705458728e-25,6.21724893768084e-15,3.53921336682104e-11,0.999999999964602
"13RV_13RV146",-0.756620869913864,0.0390299338047961,0.0963891012119216,-0.567403385960964,"Shade","sha_col",6.21724893790088e-15,0.999999999999994,3.53921336682106e-11,0.999999999964608,6.21724893790088e-15,0.999999999999994,2.20041705458728e-25,6.21724893768084e-15,3.53921336682104e-11,0.999999999964602
"13RV_13RV150",-0.160245056432025,0.676104416077541,0.181161012247835,0.0981296442510942,"Sun","sha_col",0.0259780663715823,0.974021933628418,0.564106831443891,0.435893168556109,0.978021544742542,0.0219784552574575,0.0146544047079124,0.0113236616636699,0.549452426735978,0.424569506892439
"13RV_13RV150",-0.207288634240547,0.262668365070924,0.107802293305376,0.0874423002480659,"Shade","sha_col",0.0259780663715823,0.974021933628418,0.564106831443891,0.435893168556109,0.978021544742542,0.0219784552574575,0.0146544047079124,0.0113236616636699,0.549452426735978,0.424569506892439
"13RV_13RV152",0.0199308121477952,0.344920689906171,0.260664138006426,0.288491839977929,"Sun","sha_col",0.114686922123619,0.885313077876381,3.53921336682106e-11,0.999999999964608,0.999999999999996,3.77475828372553e-15,4.05901487779477e-12,0.11468692211956,3.13331187904158e-11,0.885313077845048
"13RV_13RV152",-0.285305353125159,0.159737793488059,0.0438289489180204,-0.0986479196526784,"Shade","sha_col",0.114686922123619,0.885313077876381,3.53921336682106e-11,0.999999999964608,0.999999999999996,3.77475828372553e-15,4.05901487779477e-12,0.11468692211956,3.13331187904158e-11,0.885313077845048
"13RV_13RV156",0.559358470192069,-1.0164657696776,-0.201562595647238,0.453248972827117,"Sun","sha_col",0.0413912684565951,0.958608731543405,0.999999999964606,3.53937990027475e-11,6.21724893790088e-15,0.999999999999994,0.0413912684551301,1.46499423622149e-12,0.958608731509476,3.3928804766526e-11
"13RV_13RV156",0.533835781664248,-0.368257536273051,0.0528500854333528,0.232972093741372,"Shade","sha_col",0.0413912684565951,0.958608731543405,0.999999999964606,3.53937990027475e-11,6.21724893790088e-15,0.999999999999994,0.0413912684551301,1.46499423622149e-12,0.958608731509476,3.3928804766526e-11
"13RV_13RV164",-1.45978303686991,-0.52660307879547,-0.155764496515907,-0.63908148566523,"Sun","sha_col",0.999999999999996,4.32986979603811e-15,3.53921336682106e-11,0.999999999964608,7.105427357601e-15,0.999999999999993,3.53921336682104e-11,0.999999999964604,1.53243330587329e-25,4.32986979588487e-15
"13RV_13RV164",-0.927110619735038,-0.462602239976427,-0.375856916889307,-0.749098192774275,"Shade","sha_col",0.999999999999996,4.32986979603811e-15,3.53921336682106e-11,0.999999999964608,7.105427357601e-15,0.999999999999993,3.53921336682104e-11,0.999999999964604,1.53243330587329e-25,4.32986979588487e-15
"13RV_13RV166",1.30657213663013,0.152075102191722,0.0572218635308073,1.2651050205772,"Sun","sha_col",6.21724893790088e-15,0.999999999999994,0.999999999964606,3.53937990027475e-11,6.21724893790088e-15,0.999999999999994,6.21724893768083e-15,2.20052059258109e-25,0.9999999999646,3.53937990027473e-11
"13RV_13RV166",1.59355267272115,-0.00977419494163448,0.230084668902382,1.9626352301251,"Shade","sha_col",6.21724893790088e-15,0.999999999999994,0.999999999964606,3.53937990027475e-11,6.21724893790088e-15,0.999999999999994,6.21724893768083e-15,2.20052059258109e-25,0.9999999999646,3.53937990027473e-11
"13RV_13RV170",0.19325710479587,-0.481525583214148,-0.0015042960313474,0.306794233599493,"Sun","sha_col",0.999999999999996,4.32986979603811e-15,0.999999999964606,3.53937990027475e-11,7.105427357601e-15,0.999999999999993,0.999999999964602,3.53937990027474e-11,4.32986979588486e-15,1.5325054126904e-25
"13RV_13RV170",-0.297286011927296,-0.44886173858298,0.0372843108626418,0.137961002177625,"Shade","sha_col",0.999999999999996,4.32986979603811e-15,0.999999999964606,3.53937990027475e-11,7.105427357601e-15,0.999999999999993,0.999999999964602,3.53937990027474e-11,4.32986979588486e-15,1.5325054126904e-25
"13RV_13RV171",1.91580202043867,-0.488429063674208,-0.00525390571395195,0.239048768701323,"Sun","sha_col",7.105427357601e-15,0.999999999999993,0.999999999964606,3.53937990027475e-11,1.06581410364015e-14,0.999999999999989,7.10542735734951e-15,2.51488067723553e-25,0.999999999964599,3.53937990027473e-11
"13RV_13RV171",1.96385122268989,0.133015238389487,0.164334220429333,2.30638758692277,"Shade","sha_col",7.105427357601e-15,0.999999999999993,0.999999999964606,3.53937990027475e-11,1.06581410364015e-14,0.999999999999989,7.10542735734951e-15,2.51488067723553e-25,0.999999999964599,3.53937990027473e-11
"13RV_13RV172",-0.544907535168797,-0.346978065422649,0.171912043184694,-0.144459307018834,"Sun","sha_col",7.105427357601e-15,0.999999999999993,3.53921336682106e-11,0.999999999964608,7.105427357601e-15,0.999999999999993,2.51476234809975e-25,7.10542735734953e-15,3.53921336682103e-11,0.999999999964601
"13RV_13RV172",-0.412430794738474,-0.301116583899201,0.157337652869104,-0.0616706710343081,"Shade","sha_col",7.105427357601e-15,0.999999999999993,3.53921336682106e-11,0.999999999964608,7.105427357601e-15,0.999999999999993,2.51476234809975e-25,7.10542735734953e-15,3.53921336682103e-11,0.999999999964601
"13RV_13RV174",1.282159693157,-0.0523445564828751,0.127895002173996,0.519310627881318,"Sun","sha_col",6.21724893790088e-15,0.999999999999994,0.999999999964606,3.53937990027475e-11,0.999999999999996,3.77475828372553e-15,6.21724893768083e-15,2.20052059258109e-25,0.9999999999646,3.53937990027473e-11
"13RV_13RV174",1.65277821578474,0.0407397785694057,0.180546252194684,-0.174675777974926,"Shade","sha_col",6.21724893790088e-15,0.999999999999994,0.999999999964606,3.53937990027475e-11,0.999999999999996,3.77475828372553e-15,6.21724893768083e-15,2.20052059258109e-25,0.9999999999646,3.53937990027473e-11
"13RV_13RV175",0.66942172211646,0.101560704945301,0.0333680335238,0.524550111328943,"Sun","sha_col",1.96820337805548e-12,0.999999999998032,3.53921336682106e-11,0.999999999964608,0.993794191605645,0.00620580839435514,6.96589170423631e-23,1.96820337798582e-12,3.53921336681409e-11,0.99999999996264
"13RV_13RV175",0.400005287195363,-0.386531143225133,-0.430129926754483,0.228348948511733,"Shade","sha_col",1.96820337805548e-12,0.999999999998032,3.53921336682106e-11,0.999999999964608,0.993794191605645,0.00620580839435514,6.96589170423631e-23,1.96820337798582e-12,3.53921336681409e-11,0.99999999996264
"13RV_13RV176",0.296934181197375,0.776901059086518,0.130762527789486,0.203924515304312,"Sun","sha_col",6.21724893790088e-15,0.999999999999994,3.53921336682106e-11,0.999999999964608,0.999999999999996,3.77475828372553e-15,2.20041705458728e-25,6.21724893768084e-15,3.53921336682104e-11,0.999999999964602
"13RV_13RV176",0.277936097762955,0.612972833660442,0.297087008521433,0.549336510589928,"Shade","sha_col",6.21724893790088e-15,0.999999999999994,3.53921336682106e-11,0.999999999964608,0.999999999999996,3.77475828372553e-15,2.20041705458728e-25,6.21724893768084e-15,3.53921336682104e-11,0.999999999964602
"13RV_13RV181",-0.959011305767949,0.339133079507118,0.0805895997073435,-0.622514394773538,"Sun","sha_col",0.999999999999996,4.32986979603811e-15,0.435893168556106,0.564106831443894,0.999999999999996,3.77475828372553e-15,0.435893168556104,0.564106831443892,1.88736066483043e-15,2.44250913120768e-15
"13RV_13RV181",-1.12901280829646,0.353608829599441,-0.125584761841685,-0.996533901849479,"Shade","sha_col",0.999999999999996,4.32986979603811e-15,0.435893168556106,0.564106831443894,0.999999999999996,3.77475828372553e-15,0.435893168556104,0.564106831443892,1.88736066483043e-15,2.44250913120768e-15
"13RV_13RV185",-0.289406271839556,0.154799329057575,0.035132747184593,-0.0951055288728464,"Sun","sha_col",0.999999999999996,4.32986979603811e-15,3.53921336682106e-11,0.999999999964608,6.21724893790088e-15,0.999999999999994,3.53921336682104e-11,0.999999999964604,1.53243330587329e-25,4.32986979588487e-15
"13RV_13RV185",-0.263536537267591,0.0667855055406532,-0.176773300022519,-0.374230609700641,"Shade","sha_col",0.999999999999996,4.32986979603811e-15,3.53921336682106e-11,0.999999999964608,6.21724893790088e-15,0.999999999999994,3.53921336682104e-11,0.999999999964604,1.53243330587329e-25,4.32986979588487e-15
"13RV_13RV192",-0.456138875816383,0.430147901251874,0.0997971281637231,-0.311036957558939,"Sun","sha_col",6.21724893790088e-15,0.999999999999994,3.53921336682106e-11,0.999999999964608,6.21724893790088e-15,0.999999999999994,2.20041705458728e-25,6.21724893768084e-15,3.53921336682104e-11,0.999999999964602
"13RV_13RV192",-0.478269322039679,-0.0201835298889258,-0.126910498528257,-0.567337785735702,"Shade","sha_col",6.21724893790088e-15,0.999999999999994,3.53921336682106e-11,0.999999999964608,6.21724893790088e-15,0.999999999999994,2.20041705458728e-25,6.21724893768084e-15,3.53921336682104e-11,0.999999999964602
"13RV_13RV198",0.315476707627153,0.491415017066643,0.129982118745508,0.602797310684528,"Sun","sha_col",0.999999999999996,4.32986979603811e-15,3.53921336682106e-11,0.999999999964608,6.21724893790088e-15,0.999999999999994,3.53921336682104e-11,0.999999999964604,1.53243330587329e-25,4.32986979588487e-15
"13RV_13RV198",-0.0082540242925722,0.20830786290304,0.179741375459221,0.235452456616081,"Shade","sha_col",0.999999999999996,4.32986979603811e-15,3.53921336682106e-11,0.999999999964608,6.21724893790088e-15,0.999999999999994,3.53921336682104e-11,0.999999999964604,1.53243330587329e-25,4.32986979588487e-15
"13RV_13RV199",-1.35694010848538,0.520696532895769,-0.0183779017043381,-0.838591217133706,"Sun","sha_col",0.999999999999996,4.32986979603811e-15,3.53921336682106e-11,0.999999999964608,0.999999999999996,3.77475828372553e-15,3.53921336682104e-11,0.999999999964604,1.53243330587329e-25,4.32986979588487e-15
"13RV_13RV199",-1.22861750542708,0.229580554350438,-0.428071313763999,-0.952332536971336,"Shade","sha_col",0.999999999999996,4.32986979603811e-15,3.53921336682106e-11,0.999999999964608,0.999999999999996,3.77475828372553e-15,3.53921336682104e-11,0.999999999964604,1.53243330587329e-25,4.32986979588487e-15
"13RV_13RV202",-0.0455079482649626,-0.103002183608763,0.0575116561469837,-0.249512708178678,"Sun","sha_col",6.21724893790088e-15,0.999999999999994,3.53921336682106e-11,0.999999999964608,6.21724893790088e-15,0.999999999999994,2.20041705458728e-25,6.21724893768084e-15,3.53921336682104e-11,0.999999999964602
"13RV_13RV202",-0.383582857617623,-0.417759948531258,-0.16702549975916,-0.526712457259914,"Shade","sha_col",6.21724893790088e-15,0.999999999999994,3.53921336682106e-11,0.999999999964608,6.21724893790088e-15,0.999999999999994,2.20041705458728e-25,6.21724893768084e-15,3.53921336682104e-11,0.999999999964602
"13RV_13RV205",-0.548894093461466,0.363816984573854,0.0489854010587174,-0.565134119221967,"Sun","sha_col",7.105427357601e-15,0.999999999999993,3.53921336682106e-11,0.999999999964608,0.999999999999996,3.77475828372553e-15,2.51476234809975e-25,7.10542735734953e-15,3.53921336682103e-11,0.999999999964601
"13RV_13RV205",-0.426297543899759,0.543754323674612,0.196130582733823,-0.431920900265692,"Shade","sha_col",7.105427357601e-15,0.999999999999993,3.53921336682106e-11,0.999999999964608,0.999999999999996,3.77475828372553e-15,2.51476234809975e-25,7.10542735734953e-15,3.53921336682103e-11,0.999999999964601
"13RV_13RV210",0.471789859222965,0.0619268102910398,0.0216256359156726,0.798149730556732,"Sun","sha_col",6.21724893790088e-15,0.999999999999994,3.53921336682106e-11,0.999999999964608,6.21724893790088e-15,0.999999999999994,2.20041705458728e-25,6.21724893768084e-15,3.53921336682104e-11,0.999999999964602
"13RV_13RV210",0.504751921764316,0.410771751422687,0.193580220198925,0.569338346464823,"Shade","sha_col",6.21724893790088e-15,0.999999999999994,3.53921336682106e-11,0.999999999964608,6.21724893790088e-15,0.999999999999994,2.20041705458728e-25,6.21724893768084e-15,3.53921336682104e-11,0.999999999964602
"13RV_13RV212",0.203161678191583,0.523796811313239,-0.0293823206164158,0.0781782133958945,"Sun","sha_col",7.105427357601e-15,0.999999999999993,3.53921336682106e-11,0.999999999964608,7.105427357601e-15,0.999999999999993,2.51476234809975e-25,7.10542735734953e-15,3.53921336682103e-11,0.999999999964601
"13RV_13RV212",-0.0461056855665899,0.2952185804801,-0.0515096242281966,0.106351285755689,"Shade","sha_col",7.105427357601e-15,0.999999999999993,3.53921336682106e-11,0.999999999964608,7.105427357601e-15,0.999999999999993,2.51476234809975e-25,7.10542735734953e-15,3.53921336682103e-11,0.999999999964601
"13RV_13RV213",1.35828825426221,-0.328151490455035,-0.0893684141018712,0.9130206967366,"Sun","sha_col",0.958608731543405,0.0413912684565951,0.999999999964606,3.53937990027475e-11,6.21724893790088e-15,0.999999999999994,0.958608731509476,3.3928804766526e-11,0.0413912684551301,1.46499423622149e-12
"13RV_13RV213",1.58392357586034,-0.303702410329749,0.0363278501997121,1.63477603848563,"Shade","sha_col",0.958608731543405,0.0413912684565951,0.999999999964606,3.53937990027475e-11,6.21724893790088e-15,0.999999999999994,0.958608731509476,3.3928804766526e-11,0.0413912684551301,1.46499423622149e-12
"13RV_13RV220",-0.393487602529529,-0.237471629209787,-0.0118784880661387,-0.17633486681828,"Sun","sha_col",0.999999999999996,4.32986979603811e-15,3.53921336682106e-11,0.999999999964608,6.21724893790088e-15,0.999999999999994,3.53921336682104e-11,0.999999999964604,1.53243330587329e-25,4.32986979588487e-15
"13RV_13RV220",-0.723233472181678,-0.206570067560659,-0.370900459609594,-0.792696513922866,"Shade","sha_col",0.999999999999996,4.32986979603811e-15,3.53921336682106e-11,0.999999999964608,6.21724893790088e-15,0.999999999999994,3.53921336682104e-11,0.999999999964604,1.53243330587329e-25,4.32986979588487e-15
"13RV_13RV222",-1.45739447697045,-0.00524218303023823,-0.0292818079808961,-1.18450234752934,"Sun","sha_col",0.885313077876381,0.114686922123619,3.53921336682106e-11,0.999999999964608,7.105427357601e-15,0.999999999999993,3.13331187904158e-11,0.885313077845048,4.05901487779479e-12,0.11468692211956
"13RV_13RV222",-1.27284282012287,-0.0767541555118239,-0.143625352473899,-0.837719724320674,"Shade","sha_col",0.885313077876381,0.114686922123619,3.53921336682106e-11,0.999999999964608,7.105427357601e-15,0.999999999999993,3.13331187904158e-11,0.885313077845048,4.05901487779479e-12,0.11468692211956
"13RV_13RV223",1.71742429650093,-0.480949029914603,NA,1.0507302366267,"Sun","sha_col",0.041391268456596,0.958608731543404,0.999999999964606,3.53937990027475e-11,0.481605361040463,0.518394638959537,0.041391268455131,1.46499423622152e-12,0.958608731509475,3.3928804766526e-11
"13RV_13RV223",2.08981118698579,-0.468128852510353,-0.253187854293823,2.0393561821888,"Shade","sha_col",0.041391268456596,0.958608731543404,0.999999999964606,3.53937990027475e-11,0.481605361040463,0.518394638959537,0.041391268455131,1.46499423622152e-12,0.958608731509475,3.3928804766526e-11
"13RV_13RV226",-0.115398632437993,0.525541106877066,0.0725531941429835,0.118180155756132,"Sun","sha_col",6.21724893790088e-15,0.999999999999994,3.53921336682106e-11,0.999999999964608,0.999999999999996,3.77475828372553e-15,2.20041705458728e-25,6.21724893768084e-15,3.53921336682104e-11,0.999999999964602
"13RV_13RV226",0.0605285045514696,0.665865727662854,0.214246770910405,0.0411383813723577,"Shade","sha_col",6.21724893790088e-15,0.999999999999994,3.53921336682106e-11,0.999999999964608,0.999999999999996,3.77475828372553e-15,2.20041705458728e-25,6.21724893768084e-15,3.53921336682104e-11,0.999999999964602
"13RV_13RV227",0.390723208907648,-0.101251558406379,-0.126451940646877,-0.0869100177540127,"Sun","sha_col",0.999999999999996,4.32986979603811e-15,0.999999999964606,3.53937990027475e-11,6.21724893790088e-15,0.999999999999994,0.999999999964602,3.53937990027474e-11,4.32986979588486e-15,1.5325054126904e-25
"13RV_13RV227",0.263256933400694,-0.145730542249943,-0.123841249895946,-0.152294303029833,"Shade","sha_col",0.999999999999996,4.32986979603811e-15,0.999999999964606,3.53937990027475e-11,6.21724893790088e-15,0.999999999999994,0.999999999964602,3.53937990027474e-11,4.32986979588486e-15,1.5325054126904e-25
"13RV_13RV229",0.17734486282809,0.091152617853611,0.0403577945990799,0.7141630167992,"Sun","sha_col",6.21724893790088e-15,0.999999999999994,3.53921336682106e-11,0.999999999964608,6.21724893790088e-15,0.999999999999994,2.20041705458728e-25,6.21724893768084e-15,3.53921336682104e-11,0.999999999964602
"13RV_13RV229",0.574111995349039,0.137140528062753,0.359828360783423,1.11788658741779,"Shade","sha_col",6.21724893790088e-15,0.999999999999994,3.53921336682106e-11,0.999999999964608,6.21724893790088e-15,0.999999999999994,2.20041705458728e-25,6.21724893768084e-15,3.53921336682104e-11,0.999999999964602
"13RV_13RV232",1.49767994953899,-0.496991796353974,0.0657434577849632,0.122235170595767,"Sun","sha_col",6.21724893790088e-15,0.999999999999994,0.999999999964606,3.53937990027475e-11,0.999999999999996,3.77475828372553e-15,6.21724893768083e-15,2.20052059258109e-25,0.9999999999646,3.53937990027473e-11
"13RV_13RV232",1.01381449901475,-0.317206936048071,0.0592080407201555,1.05620569347284,"Shade","sha_col",6.21724893790088e-15,0.999999999999994,0.999999999964606,3.53937990027475e-11,0.999999999999996,3.77475828372553e-15,6.21724893768083e-15,2.20052059258109e-25,0.9999999999646,3.53937990027473e-11
"13RV_13RV234",-0.643744445879335,-0.0534340612580899,0.0884276957130475,-0.42973413574387,"Sun","sha_col",7.105427357601e-15,0.999999999999993,3.53921336682106e-11,0.999999999964608,7.105427357601e-15,0.999999999999993,2.51476234809975e-25,7.10542735734953e-15,3.53921336682103e-11,0.999999999964601
"13RV_13RV234",-0.622729017383163,0.116425497874055,-0.177665705716565,-0.501368533396023,"Shade","sha_col",7.105427357601e-15,0.999999999999993,3.53921336682106e-11,0.999999999964608,7.105427357601e-15,0.999999999999993,2.51476234809975e-25,7.10542735734953e-15,3.53921336682103e-11,0.999999999964601
"13RV_13RV237",-0.354819476026632,0.28324142268846,0.114480203145956,0.0621644452292482,"Sun","sha_col",6.21724893790088e-15,0.999999999999994,0.999999999964606,3.53937990027475e-11,6.21724893790088e-15,0.999999999999994,6.21724893768083e-15,2.20052059258109e-25,0.9999999999646,3.53937990027473e-11
"13RV_13RV237",0.833137824285427,0.40133074111545,0.0771908599473418,0.0682671672995742,"Shade","sha_col",6.21724893790088e-15,0.999999999999994,0.999999999964606,3.53937990027475e-11,6.21724893790088e-15,0.999999999999994,6.21724893768083e-15,2.20052059258109e-25,0.9999999999646,3.53937990027473e-11
"13RV_13RV247",-0.897973646918618,-0.0901441515621374,0.0316813357424138,-0.807544710937943,"Sun","sha_col",6.21724893790088e-15,0.999999999999994,3.53921336682106e-11,0.999999999964608,0.999999999999996,3.77475828372553e-15,2.20041705458728e-25,6.21724893768084e-15,3.53921336682104e-11,0.999999999964602
"13RV_13RV247",-1.17717649964311,-0.257586239845737,-0.203578415969092,-1.21268415606097,"Shade","sha_col",6.21724893790088e-15,0.999999999999994,3.53921336682106e-11,0.999999999964608,0.999999999999996,3.77475828372553e-15,2.20041705458728e-25,6.21724893768084e-15,3.53921336682104e-11,0.999999999964602
"13RV_13RV248",-0.302952629249633,0.598974979994829,-0.00474803646739924,-0.165284382804549,"Sun","sha_col",6.21724893790088e-15,0.999999999999994,3.53921336682106e-11,0.999999999964608,0.999999999999996,3.77475828372553e-15,2.20041705458728e-25,6.21724893768084e-15,3.53921336682104e-11,0.999999999964602
"13RV_13RV248",0.0511549539438493,0.374868759000444,0.00168267999253251,-0.238201313863482,"Shade","sha_col",6.21724893790088e-15,0.999999999999994,3.53921336682106e-11,0.999999999964608,0.999999999999996,3.77475828372553e-15,2.20041705458728e-25,6.21724893768084e-15,3.53921336682104e-11,0.999999999964602
"13RV_13RV254",-1.23645180414653,-0.0353703059932109,-0.173296088592575,-0.841161236795472,"Sun","sha_col",0.999999999999996,4.32986979603811e-15,3.53921336682106e-11,0.999999999964608,0.999999999999996,3.77475828372553e-15,3.53921336682104e-11,0.999999999964604,1.53243330587329e-25,4.32986979588487e-15
"13RV_13RV254",-0.907033799153481,-0.0163483684235578,-0.18651142674826,-1.09241015944279,"Shade","sha_col",0.999999999999996,4.32986979603811e-15,3.53921336682106e-11,0.999999999964608,0.999999999999996,3.77475828372553e-15,3.53921336682104e-11,0.999999999964604,1.53243330587329e-25,4.32986979588487e-15
"13RV_13RV255",0.631273726065395,-0.795870130814684,-0.13668269924528,0.697698983692016,"Sun","sha_col",6.21724893790088e-15,0.999999999999994,0.999999999964606,3.53937990027475e-11,0.999999999999996,3.77475828372553e-15,6.21724893768083e-15,2.20052059258109e-25,0.9999999999646,3.53937990027473e-11
"13RV_13RV255",0.600106945387382,-0.639834181431809,-0.0329876729160916,0.570125945647789,"Shade","sha_col",6.21724893790088e-15,0.999999999999994,0.999999999964606,3.53937990027475e-11,0.999999999999996,3.77475828372553e-15,6.21724893768083e-15,2.20052059258109e-25,0.9999999999646,3.53937990027473e-11
"13RV_13RV256",-0.128680313692252,-0.441058146206927,-0.0138759125362741,-0.142405362375913,"Sun","sha_col",0.999999999999996,4.32986979603811e-15,0.999999999964606,3.53937990027475e-11,6.21724893790088e-15,0.999999999999994,0.999999999964602,3.53937990027474e-11,4.32986979588486e-15,1.5325054126904e-25
"13RV_13RV256",-0.0428855000677937,-0.0309707193971224,0.0932228160215551,-0.130438753295139,"Shade","sha_col",0.999999999999996,4.32986979603811e-15,0.999999999964606,3.53937990027475e-11,6.21724893790088e-15,0.999999999999994,0.999999999964602,3.53937990027474e-11,4.32986979588486e-15,1.5325054126904e-25
"13RV_13RV260",-0.225458318838522,-0.0904743822714644,-0.0380113873553004,-0.176380309846406,"Sun","sha_col",6.21724893790088e-15,0.999999999999994,3.53921336682106e-11,0.999999999964608,0.999999999999996,3.77475828372553e-15,2.20041705458728e-25,6.21724893768084e-15,3.53921336682104e-11,0.999999999964602
"13RV_13RV260",-0.177051656426031,0.106913256926966,0.0769517333026206,-0.117043616593084,"Shade","sha_col",6.21724893790088e-15,0.999999999999994,3.53921336682106e-11,0.999999999964608,0.999999999999996,3.77475828372553e-15,2.20041705458728e-25,6.21724893768084e-15,3.53921336682104e-11,0.999999999964602
"13RV_13RV266",-0.223899902011541,-0.400466348385975,-0.0975181497611068,-0.687617624463731,"Sun","sha_col",0.999999999998033,1.96731519963578e-12,0.999999999964606,3.53937990027475e-11,7.105427357601e-15,0.999999999999993,0.999999999962639,3.53937990026779e-11,1.96731519956615e-12,6.96307587509588e-23
"13RV_13RV266",-0.340171334887526,-0.494702998070677,-0.421470524429023,-1.13668160544672,"Shade","sha_col",0.999999999998033,1.96731519963578e-12,0.999999999964606,3.53937990027475e-11,7.105427357601e-15,0.999999999999993,0.999999999962639,3.53937990026779e-11,1.96731519956615e-12,6.96307587509588e-23
"13RV_13RV272",-0.809091661545357,-0.625245775812585,-0.177604177866923,-0.742650690446466,"Sun","sha_col",0.958608731543405,0.0413912684565951,0.999999999964606,3.53937990027475e-11,0.999999999999996,3.77475828372553e-15,0.958608731509476,3.3928804766526e-11,0.0413912684551301,1.46499423622149e-12
"13RV_13RV272",-0.839955929481606,-0.534911027622866,-0.29554913528295,-0.501943866486731,"Shade","sha_col",0.958608731543405,0.0413912684565951,0.999999999964606,3.53937990027475e-11,0.999999999999996,3.77475828372553e-15,0.958608731509476,3.3928804766526e-11,0.0413912684551301,1.46499423622149e-12
"13RV_13RV273",-0.775684568399769,-0.317521490871793,-0.27150296176257,-0.932192432631486,"Sun","sha_col",0.999999999999996,4.32986979603811e-15,3.53921336682106e-11,0.999999999964608,0.999999999999996,3.77475828372553e-15,3.53921336682104e-11,0.999999999964604,1.53243330587329e-25,4.32986979588487e-15
"13RV_13RV273",-1.32726894281748,-0.164116738815019,-0.385895749362927,-1.16583223380944,"Shade","sha_col",0.999999999999996,4.32986979603811e-15,3.53921336682106e-11,0.999999999964608,0.999999999999996,3.77475828372553e-15,3.53921336682104e-11,0.999999999964604,1.53243330587329e-25,4.32986979588487e-15
"13RV_13RV275",-1.09151989716904,0.788721193917496,0.0106025730608165,-0.633360685383643,"Sun","sha_col",0.999999999999996,4.32986979603811e-15,3.53921336682106e-11,0.999999999964608,0.999999999999996,3.77475828372553e-15,3.53921336682104e-11,0.999999999964604,1.53243330587329e-25,4.32986979588487e-15
"13RV_13RV275",-1.0407277876281,0.39948713469103,-0.536405639133196,-0.72459691965175,"Shade","sha_col",0.999999999999996,4.32986979603811e-15,3.53921336682106e-11,0.999999999964608,0.999999999999996,3.77475828372553e-15,3.53921336682104e-11,0.999999999964604,1.53243330587329e-25,4.32986979588487e-15
"13RV_13RV283",0.750093579339398,0.0527092205786439,0.0629211569686508,1.1834662701667,"Sun","sha_col",0.114686922123619,0.885313077876381,0.31345953850297,0.68654046149703,0.999999999999996,3.77475828372553e-15,0.0359497096811956,0.0787372124424231,0.277509828821775,0.607803249054607
"13RV_13RV283",1.6602998449352,-0.168821109046619,0.377309436575586,1.84385041375672,"Shade","sha_col",0.114686922123619,0.885313077876381,0.31345953850297,0.68654046149703,0.999999999999996,3.77475828372553e-15,0.0359497096811956,0.0787372124424231,0.277509828821775,0.607803249054607
"13RV_13RV284",-1.15250399324968,0.108879865910673,-0.0499620860163862,-0.955266115759719,"Sun","sha_col",0.114686922123619,0.885313077876381,3.53921336682106e-11,0.999999999964608,0.999999999999996,3.77475828372553e-15,4.05901487779477e-12,0.11468692211956,3.13331187904158e-11,0.885313077845048
"13RV_13RV284",-1.69463661794578,0.0048489017127997,-0.375685708430564,-1.34409968357915,"Shade","sha_col",0.114686922123619,0.885313077876381,3.53921336682106e-11,0.999999999964608,0.999999999999996,3.77475828372553e-15,4.05901487779477e-12,0.11468692211956,3.13331187904158e-11,0.885313077845048
"13RV_13RV286",-1.05024772711997,0.447823939776439,-0.0386735061507564,-0.596141098785986,"Sun","sha_col",0.9516196851594,0.0483803148405996,3.53921336682106e-11,0.999999999964608,6.21724893790088e-15,0.999999999999994,3.3679851098462e-11,0.951619685125721,1.71228256974861e-12,0.0483803148388873
"13RV_13RV286",-0.713101768356293,0.333441237032033,-0.0877029096015695,-0.734759619873307,"Shade","sha_col",0.9516196851594,0.0483803148405996,3.53921336682106e-11,0.999999999964608,6.21724893790088e-15,0.999999999999994,3.3679851098462e-11,0.951619685125721,1.71228256974861e-12,0.0483803148388873
"13RV_13RV301",0.608522623791638,-0.107584117433462,0.09071875862431,0.768321410063222,"Sun","sha_col",7.105427357601e-15,0.999999999999993,3.53921336682106e-11,0.999999999964608,7.105427357601e-15,0.999999999999993,2.51476234809975e-25,7.10542735734953e-15,3.53921336682103e-11,0.999999999964601
"13RV_13RV301",0.407197043687642,-0.0925255218670324,0.209122964889281,0.604739039786452,"Shade","sha_col",7.105427357601e-15,0.999999999999993,3.53921336682106e-11,0.999999999964608,7.105427357601e-15,0.999999999999993,2.51476234809975e-25,7.10542735734953e-15,3.53921336682103e-11,0.999999999964601
"13RV_13RV302",-1.7251160618521,0.150924258312446,-0.0732329777942986,-1.07460564980459,"Sun","sha_col",0.999999999999996,4.32986979603811e-15,3.53921336682106e-11,0.999999999964608,6.21724893790088e-15,0.999999999999994,3.53921336682104e-11,0.999999999964604,1.53243330587329e-25,4.32986979588487e-15
"13RV_13RV302",-0.972088664227749,0.0407073627354568,-0.0621573804302729,-0.787385921600036,"Shade","sha_col",0.999999999999996,4.32986979603811e-15,3.53921336682106e-11,0.999999999964608,6.21724893790088e-15,0.999999999999994,3.53921336682104e-11,0.999999999964604,1.53243330587329e-25,4.32986979588487e-15
"13RV_13RV303",-0.387737751602391,0.0555617809795526,-0.0168553460819289,-0.0791202671884684,"Sun","sha_col",6.21724893790088e-15,0.999999999999994,3.53921336682106e-11,0.999999999964608,0.999999999999996,3.77475828372553e-15,2.20041705458728e-25,6.21724893768084e-15,3.53921336682104e-11,0.999999999964602
"13RV_13RV303",-0.459881947219579,0.19090267082175,-0.138296716577493,-0.456737661878729,"Shade","sha_col",6.21724893790088e-15,0.999999999999994,3.53921336682106e-11,0.999999999964608,0.999999999999996,3.77475828372553e-15,2.20041705458728e-25,6.21724893768084e-15,3.53921336682104e-11,0.999999999964602
"13RV_13RV306",-1.24501150129356,0.0256089895058714,-0.110951221247564,-0.993112445586595,"Sun","sha_col",0.999999999999996,4.32986979603811e-15,3.53921336682106e-11,0.999999999964608,0.999999999999996,3.77475828372553e-15,3.53921336682104e-11,0.999999999964604,1.53243330587329e-25,4.32986979588487e-15
"13RV_13RV306",-1.06178743187409,-0.0876063746979477,-0.233784085592365,-0.893703119607126,"Shade","sha_col",0.999999999999996,4.32986979603811e-15,3.53921336682106e-11,0.999999999964608,0.999999999999996,3.77475828372553e-15,3.53921336682104e-11,0.999999999964604,1.53243330587329e-25,4.32986979588487e-15
"13RV_13RV307",-0.109962132552137,-0.363549656801432,0.179738037307279,0.157486872903329,"Sun","sha_col",7.105427357601e-15,0.999999999999993,3.53921336682106e-11,0.999999999964608,0.518394638959539,0.481605361040461,2.51476234809975e-25,7.10542735734953e-15,3.53921336682103e-11,0.999999999964601
"13RV_13RV307",-0.468950195887872,-0.316774596917256,0.159703703603999,-0.382582720528216,"Shade","sha_col",7.105427357601e-15,0.999999999999993,3.53921336682106e-11,0.999999999964608,0.518394638959539,0.481605361040461,2.51476234809975e-25,7.10542735734953e-15,3.53921336682103e-11,0.999999999964601
"13RV_13RV313",-0.198951475262554,0.066829462257511,0.0896609682384257,-0.21214650039714,"Sun","sha_col",0.0413912684565942,0.958608731543406,3.53921336682106e-11,0.999999999964608,7.105427357601e-15,0.999999999999993,1.46492530591257e-12,0.0413912684551293,3.3927208362298e-11,0.958608731509478
"13RV_13RV313",-0.498931478923844,0.138210735240672,-0.0257583538284167,-0.0423261194487034,"Shade","sha_col",0.0413912684565942,0.958608731543406,3.53921336682106e-11,0.999999999964608,7.105427357601e-15,0.999999999999993,1.46492530591257e-12,0.0413912684551293,3.3927208362298e-11,0.958608731509478
"13RV_13RV317",0.064751476767389,-0.210919362403846,-0.0890621695316389,-0.0528319706268615,"Sun","sha_col",0.999999999999996,4.32986979603811e-15,0.999999999964606,3.53937990027475e-11,6.21724893790088e-15,0.999999999999994,0.999999999964602,3.53937990027474e-11,4.32986979588486e-15,1.5325054126904e-25
"13RV_13RV317",-0.212217529039555,-0.286272267510789,-0.0595225638790483,-0.18185911652041,"Shade","sha_col",0.999999999999996,4.32986979603811e-15,0.999999999964606,3.53937990027475e-11,6.21724893790088e-15,0.999999999999994,0.999999999964602,3.53937990027474e-11,4.32986979588486e-15,1.5325054126904e-25
"13RV_13RV318",0.643882395787537,-0.600595323908386,-0.0283825199920165,0.17906931552265,"Sun","sha_col",0.999999999999996,4.32986979603811e-15,0.999999999964606,3.53937990027475e-11,0.999999999999996,3.77475828372553e-15,0.999999999964602,3.53937990027474e-11,4.32986979588486e-15,1.5325054126904e-25
"13RV_13RV318",0.330586101230602,-0.348746882321259,-0.336539692023783,0.0877549003478477,"Shade","sha_col",0.999999999999996,4.32986979603811e-15,0.999999999964606,3.53937990027475e-11,0.999999999999996,3.77475828372553e-15,0.999999999964602,3.53937990027474e-11,4.32986979588486e-15,1.5325054126904e-25
"13RV_13RV320",0.0554172205708007,0.457682307027121,0.0649936263070474,0.504248227739762,"Sun","sha_col",0.999999999999996,4.32986979603811e-15,3.53921336682106e-11,0.999999999964608,6.21724893790088e-15,0.999999999999994,3.53921336682104e-11,0.999999999964604,1.53243330587329e-25,4.32986979588487e-15
"13RV_13RV320",0.0932512714805769,0.527586374285498,0.197980486873134,0.253414029742873,"Shade","sha_col",0.999999999999996,4.32986979603811e-15,3.53921336682106e-11,0.999999999964608,6.21724893790088e-15,0.999999999999994,3.53921336682104e-11,0.999999999964604,1.53243330587329e-25,4.32986979588487e-15
"13RV_13RV321",-1.2441004659446,0.143125877486477,-0.0577107059914294,-1.0165788157335,"Sun","sha_col",0.999999999998033,1.96731519963578e-12,0.435893168556106,0.564106831443894,0.999999999999996,3.77475828372553e-15,0.435893168555248,0.564106831442784,8.57539255917827e-13,1.10977594371795e-12
"13RV_13RV321",-1.32090912150513,0.104857329482323,-0.379767248890173,-1.03257665580096,"Shade","sha_col",0.999999999998033,1.96731519963578e-12,0.435893168556106,0.564106831443894,0.999999999999996,3.77475828372553e-15,0.435893168555248,0.564106831442784,8.57539255917827e-13,1.10977594371795e-12
"13RV_13RV325",-0.619119531675981,-0.145535904442082,0.0611633305993345,-0.751875585399517,"Sun","sha_col",0.999999999999996,4.32986979603811e-15,3.53921336682106e-11,0.999999999964608,0.999999999999996,3.77475828372553e-15,3.53921336682104e-11,0.999999999964604,1.53243330587329e-25,4.32986979588487e-15
"13RV_13RV325",-1.4635477837262,-0.0885363411608577,-0.45384510805723,-1.20543498781306,"Shade","sha_col",0.999999999999996,4.32986979603811e-15,3.53921336682106e-11,0.999999999964608,0.999999999999996,3.77475828372553e-15,3.53921336682104e-11,0.999999999964604,1.53243330587329e-25,4.32986979588487e-15
"13RV_13RV327",-0.671781162269662,0.203215708328345,-0.0580127717847569,-0.153339796941569,"Sun","sha_col",0.999999999999996,4.32986979603811e-15,3.53921336682106e-11,0.999999999964608,6.21724893790088e-15,0.999999999999994,3.53921336682104e-11,0.999999999964604,1.53243330587329e-25,4.32986979588487e-15
"13RV_13RV327",-0.855556823555818,0.0499235738109327,-0.328377863295095,-0.691561334301541,"Shade","sha_col",0.999999999999996,4.32986979603811e-15,3.53921336682106e-11,0.999999999964608,6.21724893790088e-15,0.999999999999994,3.53921336682104e-11,0.999999999964604,1.53243330587329e-25,4.32986979588487e-15
"13RV_13RV331",0.0794726113838271,0.297715139090318,0.107375215399391,0.613533030025784,"Sun","sha_col",6.21724893790088e-15,0.999999999999994,3.53921336682106e-11,0.999999999964608,6.21724893790088e-15,0.999999999999994,2.20041705458728e-25,6.21724893768084e-15,3.53921336682104e-11,0.999999999964602
"13RV_13RV331",0.514182274836039,0.742385197846471,0.644205971899324,0.917587689222589,"Shade","sha_col",6.21724893790088e-15,0.999999999999994,3.53921336682106e-11,0.999999999964608,6.21724893790088e-15,0.999999999999994,2.20041705458728e-25,6.21724893768084e-15,3.53921336682104e-11,0.999999999964602
"13RV_13RV332",0.277241135367573,-0.0990251459627545,-0.0737288926741666,0.33102740047662,"Sun","sha_col",0.0881223125436756,0.911877687456324,3.53921336682106e-11,0.999999999964608,6.21724893790088e-15,0.999999999999994,3.1188366646976e-12,0.0881223125405568,3.2273297003513e-11,0.911877687424051
"13RV_13RV332",0.401682918696891,0.206777176467318,0.429984394714436,0.275211965808471,"Shade","sha_col",0.0881223125436756,0.911877687456324,3.53921336682106e-11,0.999999999964608,6.21724893790088e-15,0.999999999999994,3.1188366646976e-12,0.0881223125405568,3.2273297003513e-11,0.911877687424051
"13RV_13RV336",-0.51565836633442,0.599362366003304,0.112550270284071,-0.571698144726712,"Sun","sha_col",0.938459193011964,0.0615408069880363,3.53921336682106e-11,0.999999999964608,0.999999999999996,3.77475828372553e-15,3.32140732012405e-11,0.93845919297875,2.17806046697013e-12,0.0615408069858583
"13RV_13RV336",-1.10164447852058,0.156623162548715,-0.0236116081742072,-0.721543495254821,"Shade","sha_col",0.938459193011964,0.0615408069880363,3.53921336682106e-11,0.999999999964608,0.999999999999996,3.77475828372553e-15,3.32140732012405e-11,0.93845919297875,2.17806046697013e-12,0.0615408069858583
"13RV_13RV337",-0.925272993427998,-0.404267601994937,-0.160527546966869,-0.761068699681291,"Sun","sha_col",0.999999999999996,4.32986979603811e-15,3.53921336682106e-11,0.999999999964608,0.999999999999996,3.77475828372553e-15,3.53921336682104e-11,0.999999999964604,1.53243330587329e-25,4.32986979588487e-15
"13RV_13RV337",-1.19266151720624,-0.33447312474974,-0.243797892880548,-0.787393847771946,"Shade","sha_col",0.999999999999996,4.32986979603811e-15,3.53921336682106e-11,0.999999999964608,0.999999999999996,3.77475828372553e-15,3.53921336682104e-11,0.999999999964604,1.53243330587329e-25,4.32986979588487e-15
"13RV_13RV345",1.08882243857946,-0.611419424908496,-0.235132271487241,0.660387009906269,"Sun","sha_col",6.21724893790088e-15,0.999999999999994,0.999999999964606,3.53937990027475e-11,6.21724893790088e-15,0.999999999999994,6.21724893768083e-15,2.20052059258109e-25,0.9999999999646,3.53937990027473e-11
"13RV_13RV345",1.6920269130586,-0.611397037429171,-0.214113960870081,2.13877267225838,"Shade","sha_col",6.21724893790088e-15,0.999999999999994,0.999999999964606,3.53937990027475e-11,6.21724893790088e-15,0.999999999999994,6.21724893768083e-15,2.20052059258109e-25,0.9999999999646,3.53937990027473e-11
"13RV_13RV351",1.28914214937809,0.45291932103355,0.0799316225216175,0.380484765183774,"Sun","sha_col",0.016847674395455,0.983152325604545,0.999999999964606,3.53937990027475e-11,6.21724893790088e-15,0.999999999999994,0.0168476743948587,5.9630320121647e-13,0.983152325569747,3.47974958015311e-11
"13RV_13RV351",2.23326337736733,-0.183825218338989,0.15300282676952,0.331573439356919,"Shade","sha_col",0.016847674395455,0.983152325604545,0.999999999964606,3.53937990027475e-11,6.21724893790088e-15,0.999999999999994,0.0168476743948587,5.9630320121647e-13,0.983152325569747,3.47974958015311e-11
"13RV_13RV363",-0.386211103262605,0.551468412834448,0.084333196258107,-0.523680094397685,"Sun","sha_col",0.911877687456323,0.0881223125436773,0.999999999964606,3.53937990027475e-11,0.999999999999996,3.77475828372553e-15,0.911877687424048,3.22748155849193e-11,0.0881223125405583,3.11898341782821e-12
"13RV_13RV363",-0.215936720189061,0.346093564379037,0.0745830562427556,-0.11823454730126,"Shade","sha_col",0.911877687456323,0.0881223125436773,0.999999999964606,3.53937990027475e-11,0.999999999999996,3.77475828372553e-15,0.911877687424048,3.22748155849193e-11,0.0881223125405583,3.11898341782821e-12
"13RV_13RV366",-0.372577682703792,0.287805100425171,0.0730227750352011,-0.0318241681935877,"Sun","sha_col",6.21724893790088e-15,0.999999999999994,3.53921336682106e-11,0.999999999964608,6.21724893790088e-15,0.999999999999994,2.20041705458728e-25,6.21724893768084e-15,3.53921336682104e-11,0.999999999964602
"13RV_13RV366",-0.344251944051036,0.277640922855099,0.0474080370679047,-0.118374134652513,"Shade","sha_col",6.21724893790088e-15,0.999999999999994,3.53921336682106e-11,0.999999999964608,6.21724893790088e-15,0.999999999999994,2.20041705458728e-25,6.21724893768084e-15,3.53921336682104e-11,0.999999999964602
"13RV_13RV377",1.61352259746419,0.553153223790184,0.0757783739046142,-0.206996191186964,"Sun","sha_col",6.21724893790088e-15,0.999999999999994,0.999999999964606,3.53937990027475e-11,6.21724893790088e-15,0.999999999999994,6.21724893768083e-15,2.20052059258109e-25,0.9999999999646,3.53937990027473e-11
"13RV_13RV377",1.88027750772534,-0.351847460296027,-0.365375390662656,1.65333598994278,"Shade","sha_col",6.21724893790088e-15,0.999999999999994,0.999999999964606,3.53937990027475e-11,6.21724893790088e-15,0.999999999999994,6.21724893768083e-15,2.20052059258109e-25,0.9999999999646,3.53937990027473e-11
"13RV_13RV381",-1.48407723276259,-0.177634223528264,-0.109756750408833,-0.86914521166353,"Sun","sha_col",0.999999999999996,4.32986979603811e-15,3.53921336682106e-11,0.999999999964608,0.999999999999996,3.77475828372553e-15,3.53921336682104e-11,0.999999999964604,1.53243330587329e-25,4.32986979588487e-15
"13RV_13RV381",-1.12102432684395,-0.188826222371251,-0.369145298254766,-0.895907937517124,"Shade","sha_col",0.999999999999996,4.32986979603811e-15,3.53921336682106e-11,0.999999999964608,0.999999999999996,3.77475828372553e-15,3.53921336682104e-11,0.999999999964604,1.53243330587329e-25,4.32986979588487e-15
"13RV_13RV387",-0.954975840319951,0.0163046545705526,0.0229413410128445,-0.973327607865175,"Sun","sha_col",0.999999999998033,1.96731519963578e-12,3.53921336682106e-11,0.999999999964608,0.999999999999996,3.77475828372553e-15,3.5392133668141e-11,0.999999999962641,6.96274825130118e-23,1.96731519956615e-12
"13RV_13RV387",-1.35768869634353,-0.147662698263934,-0.114868963340159,-0.816845287650172,"Shade","sha_col",0.999999999998033,1.96731519963578e-12,3.53921336682106e-11,0.999999999964608,0.999999999999996,3.77475828372553e-15,3.5392133668141e-11,0.999999999962641,6.96274825130118e-23,1.96731519956615e-12
"13RV_13RV388",-0.100545939501892,0.279169746552171,0.163178364764663,0.054680924875253,"Sun","sha_col",6.21724893790088e-15,0.999999999999994,3.53921336682106e-11,0.999999999964608,0.999999999999996,3.77475828372553e-15,2.20041705458728e-25,6.21724893768084e-15,3.53921336682104e-11,0.999999999964602
"13RV_13RV388",-0.568256585331013,0.207950090163226,-0.0450235852173083,-0.262763529535367,"Shade","sha_col",6.21724893790088e-15,0.999999999999994,3.53921336682106e-11,0.999999999964608,0.999999999999996,3.77475828372553e-15,2.20041705458728e-25,6.21724893768084e-15,3.53921336682104e-11,0.999999999964602
"13RV_13RV395",-0.840245719787671,-0.0465175303847374,0.0481877381617467,-0.362014013293019,"Sun","sha_col",6.21724893790088e-15,0.999999999999994,3.53921336682106e-11,0.999999999964608,0.999999999999996,3.77475828372553e-15,2.20041705458728e-25,6.21724893768084e-15,3.53921336682104e-11,0.999999999964602
"13RV_13RV395",-0.575630546276624,-0.173968733505737,-0.203374785947879,-0.522646397251236,"Shade","sha_col",6.21724893790088e-15,0.999999999999994,3.53921336682106e-11,0.999999999964608,0.999999999999996,3.77475828372553e-15,2.20041705458728e-25,6.21724893768084e-15,3.53921336682104e-11,0.999999999964602
"13RV_13RV402",0.253355118446556,-0.27507871168403,-0.0365087701693371,0.317553866257855,"Sun","sha_col",0.999999999999996,4.32986979603811e-15,0.999999999964606,3.53937990027475e-11,7.105427357601e-15,0.999999999999993,0.999999999964602,3.53937990027474e-11,4.32986979588486e-15,1.5325054126904e-25
"13RV_13RV402",0.080035871081866,-0.0599955882181231,0.130760172600511,-0.150574519949694,"Shade","sha_col",0.999999999999996,4.32986979603811e-15,0.999999999964606,3.53937990027475e-11,7.105427357601e-15,0.999999999999993,0.999999999964602,3.53937990027474e-11,4.32986979588486e-15,1.5325054126904e-25
"13RV_13RV404",-1.51198807400446,0.0294408988683027,0.0421853419769154,-0.912930021545425,"Sun","sha_col",0.999999999998965,1.03494990355557e-12,3.53921336682106e-11,0.999999999964608,0.999999999999996,3.77475828372553e-15,3.5392133668174e-11,0.999999999963573,3.66290853265404e-23,1.03494990351894e-12
"13RV_13RV404",-1.32321985789806,0.222250957850459,-0.0377081878113076,-0.787279371318384,"Shade","sha_col",0.999999999998965,1.03494990355557e-12,3.53921336682106e-11,0.999999999964608,0.999999999999996,3.77475828372553e-15,3.5392133668174e-11,0.999999999963573,3.66290853265404e-23,1.03494990351894e-12
"13RV_13RV405",-1.17358294291666,0.00753054508827669,-0.0557227802807795,-0.836778104032041,"Sun","sha_col",0.999999999999996,4.32986979603811e-15,3.53921336682106e-11,0.999999999964608,6.21724893790088e-15,0.999999999999994,3.53921336682104e-11,0.999999999964604,1.53243330587329e-25,4.32986979588487e-15
"13RV_13RV405",-1.14258680484447,-0.161598877507317,-0.192854803188741,-0.915621024564361,"Shade","sha_col",0.999999999999996,4.32986979603811e-15,3.53921336682106e-11,0.999999999964608,6.21724893790088e-15,0.999999999999994,3.53921336682104e-11,0.999999999964604,1.53243330587329e-25,4.32986979588487e-15
"13RV_13RV410",-0.0265166922110558,0.554003604274074,0.189114028873986,0.320325893036819,"Sun","sha_col",6.21724893790088e-15,0.999999999999994,3.53921336682106e-11,0.999999999964608,6.21724893790088e-15,0.999999999999994,2.20041705458728e-25,6.21724893768084e-15,3.53921336682104e-11,0.999999999964602
"13RV_13RV410",-0.440874358837344,0.159684403726277,0.26998203840626,-0.31841124483199,"Shade","sha_col",6.21724893790088e-15,0.999999999999994,3.53921336682106e-11,0.999999999964608,6.21724893790088e-15,0.999999999999994,2.20041705458728e-25,6.21724893768084e-15,3.53921336682104e-11,0.999999999964602
"13RV_13RV411",0.510986123184023,-0.097533090150332,0.256807400655709,0.35232017379409,"Sun","sha_col",6.21724893790088e-15,0.999999999999994,3.53921336682106e-11,0.999999999964608,6.21724893790088e-15,0.999999999999994,2.20041705458728e-25,6.21724893768084e-15,3.53921336682104e-11,0.999999999964602
"13RV_13RV411",0.282650636530481,0.124041218279066,0.321114042864741,0.33574529182007,"Shade","sha_col",6.21724893790088e-15,0.999999999999994,3.53921336682106e-11,0.999999999964608,6.21724893790088e-15,0.999999999999994,2.20041705458728e-25,6.21724893768084e-15,3.53921336682104e-11,0.999999999964602
"13RV_13RV412",-0.356883335875519,-0.035564770351656,0.00195690180848423,-0.34965616697111,"Sun","sha_col",0.999999999999996,4.32986979603811e-15,0.999999999964606,3.53937990027475e-11,6.21724893790088e-15,0.999999999999994,0.999999999964602,3.53937990027474e-11,4.32986979588486e-15,1.5325054126904e-25
"13RV_13RV412",-0.333168314255998,-0.138226364874542,-0.159251042259304,-0.676027408401757,"Shade","sha_col",0.999999999999996,4.32986979603811e-15,0.999999999964606,3.53937990027475e-11,6.21724893790088e-15,0.999999999999994,0.999999999964602,3.53937990027474e-11,4.32986979588486e-15,1.5325054126904e-25
"13RV_13RV416",-1.21628583312997,0.0597824522539815,-0.173028965387698,-0.851775501757468,"Sun","sha_col",0.938459193011964,0.0615408069880362,3.53921336682106e-11,0.999999999964608,0.999999999999996,3.77475828372553e-15,3.32140732012405e-11,0.93845919297875,2.17806046697013e-12,0.0615408069858582
"13RV_13RV416",-1.17244257571236,-0.0267579418888638,-0.0777995145863561,-0.517343580598541,"Shade","sha_col",0.938459193011964,0.0615408069880362,3.53921336682106e-11,0.999999999964608,0.999999999999996,3.77475828372553e-15,3.32140732012405e-11,0.93845919297875,2.17806046697013e-12,0.0615408069858582
"13RV_13RV418",-0.266833544105708,0.68258221395292,0.216728334898777,0.055156285767407,"Sun","sha_col",6.21724893790088e-15,0.999999999999994,3.53921336682106e-11,0.999999999964608,6.21724893790088e-15,0.999999999999994,2.20041705458728e-25,6.21724893768084e-15,3.53921336682104e-11,0.999999999964602
"13RV_13RV418",-0.733681634589115,0.354935721063511,-0.21223763876329,-0.50089454773846,"Shade","sha_col",6.21724893790088e-15,0.999999999999994,3.53921336682106e-11,0.999999999964608,6.21724893790088e-15,0.999999999999994,2.20041705458728e-25,6.21724893768084e-15,3.53921336682104e-11,0.999999999964602
"13RV_13RV420",-0.0576753955681692,0.364038696342889,0.248760268960923,0.257414362861109,"Sun","sha_col",6.21724893790088e-15,0.999999999999994,3.53921336682106e-11,0.999999999964608,6.21724893790088e-15,0.999999999999994,2.20041705458728e-25,6.21724893768084e-15,3.53921336682104e-11,0.999999999964602
"13RV_13RV420",-0.368326668172976,0.403330685866384,0.501631834317131,0.0357929318342927,"Shade","sha_col",6.21724893790088e-15,0.999999999999994,3.53921336682106e-11,0.999999999964608,6.21724893790088e-15,0.999999999999994,2.20041705458728e-25,6.21724893768084e-15,3.53921336682104e-11,0.999999999964602
"13RV_13RV421",0.0311166136560349,0.981381554049293,0.162398051359001,0.175261469338384,"Sun","sha_col",6.21724893790088e-15,0.999999999999994,3.53921336682106e-11,0.999999999964608,6.21724893790088e-15,0.999999999999994,2.20041705458728e-25,6.21724893768084e-15,3.53921336682104e-11,0.999999999964602
"13RV_13RV421",-0.078016975043774,0.658208352010539,0.203970644187307,-0.218128203138374,"Shade","sha_col",6.21724893790088e-15,0.999999999999994,3.53921336682106e-11,0.999999999964608,6.21724893790088e-15,0.999999999999994,2.20041705458728e-25,6.21724893768084e-15,3.53921336682104e-11,0.999999999964602
"13RV_13RV428",0.774039990819544,-0.615997740901195,-0.0499338168687897,-0.232315419175242,"Sun","sha_col",0.999999999999996,4.32986979603811e-15,0.999999999964606,3.53937990027475e-11,7.105427357601e-15,0.999999999999993,0.999999999964602,3.53937990027474e-11,4.32986979588486e-15,1.5325054126904e-25
"13RV_13RV428",0.0973916489327603,-0.370088768162638,-0.134084888477468,-0.424064938190804,"Shade","sha_col",0.999999999999996,4.32986979603811e-15,0.999999999964606,3.53937990027475e-11,7.105427357601e-15,0.999999999999993,0.999999999964602,3.53937990027474e-11,4.32986979588486e-15,1.5325054126904e-25
"13RV_13RV431",0.0562909541600638,-0.83766629132206,-0.227577107927462,-0.0906422494396252,"Sun","sha_col",0.999999999999996,4.32986979603811e-15,0.999999999964606,3.53937990027475e-11,7.105427357601e-15,0.999999999999993,0.999999999964602,3.53937990027474e-11,4.32986979588486e-15,1.5325054126904e-25
"13RV_13RV431",-0.0788995182870492,-0.427346871772356,-0.272105503194239,-0.433109909651671,"Shade","sha_col",0.999999999999996,4.32986979603811e-15,0.999999999964606,3.53937990027475e-11,7.105427357601e-15,0.999999999999993,0.999999999964602,3.53937990027474e-11,4.32986979588486e-15,1.5325054126904e-25
"13RV_13RV432",0.681632313402203,-0.334679241767628,-0.0843616896346267,0.517983779269564,"Sun","sha_col",0.999999999999996,4.32986979603811e-15,0.999999999964606,3.53937990027475e-11,0.999999999993815,6.18471940327936e-12,0.999999999964602,3.53937990027474e-11,4.32986979588486e-15,1.5325054126904e-25
"13RV_13RV432",0.306012458796653,-0.450350032007766,-0.0784037927604414,-0.0178538140416353,"Shade","sha_col",0.999999999999996,4.32986979603811e-15,0.999999999964606,3.53937990027475e-11,0.999999999993815,6.18471940327936e-12,0.999999999964602,3.53937990027474e-11,4.32986979588486e-15,1.5325054126904e-25
"13RV_13RV434",-0.216199410714576,-0.41668818318506,-0.0904772955398966,-0.277686860930651,"Sun","sha_col",0.999999999999996,4.32986979603811e-15,0.999999999964606,3.53937990027475e-11,6.18527451479167e-12,0.999999999993815,0.999999999964602,3.53937990027474e-11,4.32986979588486e-15,1.5325054126904e-25
"13RV_13RV434",-0.12039920541918,-0.248909917629187,-0.0257605684061554,-0.277511747096474,"Shade","sha_col",0.999999999999996,4.32986979603811e-15,0.999999999964606,3.53937990027475e-11,6.18527451479167e-12,0.999999999993815,0.999999999964602,3.53937990027474e-11,4.32986979588486e-15,1.5325054126904e-25
"13RV_13RV435",0.161288553751977,-0.176668547186251,0.018218572613932,-0.0890461134350874,"Sun","sha_col",0.999999999999996,4.32986979603811e-15,0.999999999964606,3.53937990027475e-11,0.999999999999996,3.77475828372553e-15,0.999999999964602,3.53937990027474e-11,4.32986979588486e-15,1.5325054126904e-25
"13RV_13RV435",-0.206584723201147,0.110458910377611,0.142489140812413,0.0608327362655553,"Shade","sha_col",0.999999999999996,4.32986979603811e-15,0.999999999964606,3.53937990027475e-11,0.999999999999996,3.77475828372553e-15,0.999999999964602,3.53937990027474e-11,4.32986979588486e-15,1.5325054126904e-25
"13RV_13RV439",-0.667746518053345,0.660300655181654,0.238006310358142,-0.0246406749032107,"Sun","sha_col",6.21724893790088e-15,0.999999999999994,3.53921336682106e-11,0.999999999964608,6.21724893790088e-15,0.999999999999994,2.20041705458728e-25,6.21724893768084e-15,3.53921336682104e-11,0.999999999964602
"13RV_13RV439",-0.831480920013392,0.487967552892524,0.105499098151879,-0.390051997897899,"Shade","sha_col",6.21724893790088e-15,0.999999999999994,3.53921336682106e-11,0.999999999964608,6.21724893790088e-15,0.999999999999994,2.20041705458728e-25,6.21724893768084e-15,3.53921336682104e-11,0.999999999964602
"13RV_13RV442",0.517172562851564,-0.568027817562093,-0.199817925848238,0.310255921014474,"Sun","sha_col",7.105427357601e-15,0.999999999999993,3.53921336682106e-11,0.999999999964608,0.518394638959537,0.481605361040463,2.51476234809975e-25,7.10542735734953e-15,3.53921336682103e-11,0.999999999964601
"13RV_13RV442",-0.141664844627691,-0.0984956406017256,-0.0505197685838126,0.116171005134192,"Shade","sha_col",7.105427357601e-15,0.999999999999993,3.53921336682106e-11,0.999999999964608,0.518394638959537,0.481605361040463,2.51476234809975e-25,7.10542735734953e-15,3.53921336682103e-11,0.999999999964601
"13RV_13RV451",0.992381944887407,NA,0.0595831234031826,-0.18495465176934,"Sun","sha_col",6.21724893790088e-15,0.999999999999994,0.999999999964606,3.53937990027475e-11,6.21724893790088e-15,0.999999999999994,6.21724893768083e-15,2.20052059258109e-25,0.9999999999646,3.53937990027473e-11
"13RV_13RV451",2.03193760168288,0.0703694435424983,0.00292378333167253,-0.0606664981704889,"Shade","sha_col",6.21724893790088e-15,0.999999999999994,0.999999999964606,3.53937990027475e-11,6.21724893790088e-15,0.999999999999994,6.21724893768083e-15,2.20052059258109e-25,0.9999999999646,3.53937990027473e-11
"13RV_13RV460",0.980261831246988,-0.129810436969713,0.171857984822786,0.782637079589051,"Sun","sha_col",6.21724893790088e-15,0.999999999999994,0.999999999964606,3.53937990027475e-11,0.999999999999996,3.77475828372553e-15,6.21724893768083e-15,2.20052059258109e-25,0.9999999999646,3.53937990027473e-11
"13RV_13RV460",0.960963894143119,-0.224808703405666,-0.100940106961982,0.432107780065719,"Shade","sha_col",6.21724893790088e-15,0.999999999999994,0.999999999964606,3.53937990027475e-11,0.999999999999996,3.77475828372553e-15,6.21724893768083e-15,2.20052059258109e-25,0.9999999999646,3.53937990027473e-11
"13RV_13RV471",-0.329905157131819,0.800045438338569,0.190705767883791,-0.302470903871151,"Sun","sha_col",0.999999999999996,4.32986979603811e-15,3.53921336682106e-11,0.999999999964608,0.999999999999996,3.77475828372553e-15,3.53921336682104e-11,0.999999999964604,1.53243330587329e-25,4.32986979588487e-15
"13RV_13RV471",-0.00868780648818177,0.295373953456377,0.0363523869046861,-0.00452388899106481,"Shade","sha_col",0.999999999999996,4.32986979603811e-15,3.53921336682106e-11,0.999999999964608,0.999999999999996,3.77475828372553e-15,3.53921336682104e-11,0.999999999964604,1.53243330587329e-25,4.32986979588487e-15
"13RV_13RV474",0.17008135419972,0.442277588547617,0.184211064876288,-0.110889203028887,"Sun","sha_col",0.872816984432046,0.127183015567954,3.53921336682106e-11,0.999999999964608,0.999999999999996,3.77475828372553e-15,3.08908553809035e-11,0.872816984401156,4.50127828730712e-12,0.127183015563452
"13RV_13RV474",-0.360351092695156,0.289396031646238,0.17121270222264,-0.549834653870783,"Shade","sha_col",0.872816984432046,0.127183015567954,3.53921336682106e-11,0.999999999964608,0.999999999999996,3.77475828372553e-15,3.08908553809035e-11,0.872816984401156,4.50127828730712e-12,0.127183015563452
"13RV_13RV478",0.135502849052784,-0.433460845035342,0.102284217563209,-0.0822873211528495,"Sun","sha_col",0.999999999999996,4.32986979603811e-15,0.999999999964606,3.53937990027475e-11,7.105427357601e-15,0.999999999999993,0.999999999964602,3.53937990027474e-11,4.32986979588486e-15,1.5325054126904e-25
"13RV_13RV478",-0.0488787762821592,-0.120200132068839,0.0366890295325049,-0.443963236608683,"Shade","sha_col",0.999999999999996,4.32986979603811e-15,0.999999999964606,3.53937990027475e-11,7.105427357601e-15,0.999999999999993,0.999999999964602,3.53937990027474e-11,4.32986979588486e-15,1.5325054126904e-25
"13RV_13RV479",0.969064810059449,-0.520300404392768,-0.121651760492272,0.622520125592329,"Sun","sha_col",0.958608731543405,0.0413912684565951,0.999999999964606,3.53937990027475e-11,0.999999999999996,3.77475828372553e-15,0.958608731509476,3.3928804766526e-11,0.0413912684551301,1.46499423622149e-12
"13RV_13RV479",1.29612786233255,-0.389367292868023,0.218778205050696,1.18078426505165,"Shade","sha_col",0.958608731543405,0.0413912684565951,0.999999999964606,3.53937990027475e-11,0.999999999999996,3.77475828372553e-15,0.958608731509476,3.3928804766526e-11,0.0413912684551301,1.46499423622149e-12
"13RV_13RV482",0.212710590846615,-0.325091374675587,0.0288338982610131,0.275522383640005,"Sun","sha_col",0.999999999999996,4.32986979603811e-15,3.53921336682106e-11,0.999999999964608,0.999999999999996,3.77475828372553e-15,3.53921336682104e-11,0.999999999964604,1.53243330587329e-25,4.32986979588487e-15
"13RV_13RV482",-0.414673071077758,-0.238200283381445,-0.116133457626909,-0.544392768085161,"Shade","sha_col",0.999999999999996,4.32986979603811e-15,3.53921336682106e-11,0.999999999964608,0.999999999999996,3.77475828372553e-15,3.53921336682104e-11,0.999999999964604,1.53243330587329e-25,4.32986979588487e-15
"13RV_13RV484",-0.860803516995131,0.396321910758864,0.0700495504773953,-0.697326893253783,"Sun","sha_col",6.21724893790088e-15,0.999999999999994,3.53921336682106e-11,0.999999999964608,6.21724893790088e-15,0.999999999999994,2.20041705458728e-25,6.21724893768084e-15,3.53921336682104e-11,0.999999999964602
"13RV_13RV484",-0.929821229418456,0.113424499210446,-0.00069075598531678,-0.38072850642438,"Shade","sha_col",6.21724893790088e-15,0.999999999999994,3.53921336682106e-11,0.999999999964608,6.21724893790088e-15,0.999999999999994,2.20041705458728e-25,6.21724893768084e-15,3.53921336682104e-11,0.999999999964602
"13RV_13RV485",1.07692430309833,0.423944006116976,0.0363405903437471,1.11959836328977,"Sun","sha_col",7.105427357601e-15,0.999999999999993,3.53921336682106e-11,0.999999999964608,7.105427357601e-15,0.999999999999993,2.51476234809975e-25,7.10542735734953e-15,3.53921336682103e-11,0.999999999964601
"13RV_13RV485",1.20198791578626,0.663730621835989,0.649711162310545,1.48706050366238,"Shade","sha_col",7.105427357601e-15,0.999999999999993,3.53921336682106e-11,0.999999999964608,7.105427357601e-15,0.999999999999993,2.51476234809975e-25,7.10542735734953e-15,3.53921336682103e-11,0.999999999964601
"13RV_13RV488",0.618624335382209,0.48204733027913,0.088959561762001,-0.0729164191245021,"Sun","sha_col",7.105427357601e-15,0.999999999999993,0.999999999964606,3.53937990027475e-11,0.999999999999996,3.77475828372553e-15,7.10542735734951e-15,2.51488067723553e-25,0.999999999964599,3.53937990027473e-11
"13RV_13RV488",1.95625654761041,-0.171281217932429,0.200892993858213,-0.534756706486181,"Shade","sha_col",7.105427357601e-15,0.999999999999993,0.999999999964606,3.53937990027475e-11,0.999999999999996,3.77475828372553e-15,7.10542735734951e-15,2.51488067723553e-25,0.999999999964599,3.53937990027473e-11
"13RV_13RV491",1.34132192061803,NA,-0.110517395679374,0.224378647065536,"Sun","sha_col",6.21724893790088e-15,0.999999999999994,0.999999999964606,3.53937990027475e-11,0.999999999999996,3.77475828372553e-15,6.21724893768083e-15,2.20052059258109e-25,0.9999999999646,3.53937990027473e-11
"13RV_13RV491",1.84466033183262,-0.359572234321522,-0.219671097048591,1.8585652606029,"Shade","sha_col",6.21724893790088e-15,0.999999999999994,0.999999999964606,3.53937990027475e-11,0.999999999999996,3.77475828372553e-15,6.21724893768083e-15,2.20052059258109e-25,0.9999999999646,3.53937990027473e-11
"13RV_13RV493",-0.543067961105712,0.635864853563298,0.167224178770483,-0.44102405216451,"Sun","sha_col",6.21724893790088e-15,0.999999999999994,3.53921336682106e-11,0.999999999964608,6.21724893790088e-15,0.999999999999994,2.20041705458728e-25,6.21724893768084e-15,3.53921336682104e-11,0.999999999964602
"13RV_13RV493",-0.444207287225857,0.454171077381932,0.215681497004202,-0.27253861313883,"Shade","sha_col",6.21724893790088e-15,0.999999999999994,3.53921336682106e-11,0.999999999964608,6.21724893790088e-15,0.999999999999994,2.20041705458728e-25,6.21724893768084e-15,3.53921336682104e-11,0.999999999964602
"13RV_13RV494",1.25010937287207,-0.251114985917709,-0.00862475487032551,0.70535311208447,"Sun","sha_col",6.21724893790088e-15,0.999999999999994,0.999999999964606,3.53937990027475e-11,6.21724893790088e-15,0.999999999999994,6.21724893768083e-15,2.20052059258109e-25,0.9999999999646,3.53937990027473e-11
"13RV_13RV494",1.48107004854086,0.067110946521058,0.296373586071501,1.04749519300572,"Shade","sha_col",6.21724893790088e-15,0.999999999999994,0.999999999964606,3.53937990027475e-11,6.21724893790088e-15,0.999999999999994,6.21724893768083e-15,2.20052059258109e-25,0.9999999999646,3.53937990027473e-11
"13RV_13RV500",1.68265279944536,-0.279268774292499,NA,NA,"Sun","sha_col",7.105427357601e-15,0.999999999999993,0.999999999964606,3.53937990027475e-11,0.999999999999996,3.77475828372553e-15,7.10542735734951e-15,2.51488067723553e-25,0.999999999964599,3.53937990027473e-11
"13RV_13RV500",2.19818197031959,-0.239613424245685,NA,NA,"Shade","sha_col",7.105427357601e-15,0.999999999999993,0.999999999964606,3.53937990027475e-11,0.999999999999996,3.77475828372553e-15,7.10542735734951e-15,2.51488067723553e-25,0.999999999964599,3.53937990027473e-11
"13RV_13RV505",0.549983533737277,0.353311337644598,0.201100101011102,0.610341605296379,"Sun","sha_col",7.105427357601e-15,0.999999999999993,0.502966978181641,0.497033021818359,7.105427357601e-15,0.999999999999993,3.57379532674174e-15,3.53163203085927e-15,0.502966978181637,0.497033021818356
"13RV_13RV505",0.43658456603431,0.341331558425933,0.713390256351481,0.700244499328891,"Shade","sha_col",7.105427357601e-15,0.999999999999993,0.502966978181641,0.497033021818359,7.105427357601e-15,0.999999999999993,3.57379532674174e-15,3.53163203085927e-15,0.502966978181637,0.497033021818356
